,Supplementary Table 5. HLA-DRB1*01:01 ligands
1,KAKVAKPK
2,HGRKFVQGKSIDVACHPG
3,FGGPGTASRP
4,EPDREYHFGQAVRFV
5,KKLIELQAGKKSLED
6,YVTTSTRTYSLG
7,IHSLPPEGKLGIMELAVGLTS
8,GPSQMALLPVTNIRAK
9,STGGKAPRKQL
10,IRRYTEISNIK
11,IKNRLYTNSH
12,EIFEKFHPIR
13,MFRRLTFAQ
14,DSNSRYSALNVQHQMLKS
15,ALEEQLQQIRAE
16,GGKAPRKQLAT
17,SSRVLLAGAPQAQQR
18,LLESEREARRLR
19,GPMFELLPGESNK
20,DLPKKPPPPEVT
21,DPDGLHQLDGTPLTAE
22,PGESNKIPR
23,EEANADLEVK
24,ATPAPVEKSPA
25,HAVSEGTKAV
26,VNGTLTSNVADSPRNKKEKSS
27,TEAPLNPKANREKM
28,TQAPLNPKANREKM
29,AAKALRILQNEPLPER
30,MTNTKGKRRGTRYMFS
31,TLAPKGVNVR
32,DQDGKIGLRLK
33,PSRKFADGEVVR
34,DVTPIPSDSTRRKGGRRGRRL
35,EAARLSAQDPVVAVAE
36,AMSSYLFIVK
37,VYWKVPKTR
38,GYDVEKNNSRI
39,SPPVVETLPTVDLHEE
40,QEEMEFIQRGGPE
41,IDSDAAAEAMGKFK
42,AKRTKKVGIVG
43,RLASLTPPRARRPAQ
44,ILDWVPYINGKFKKDN
45,EVSTVRAANSERVAKL
46,IHDTCGVHNLH
47,RDPALVHQRPAPPST
48,ASNDMYHSRALQVVRA
49,SFPTTKTYFPH
50,AGNAARDNKKTRIIPR
51,LEQQNKVLDTKWT
52,VSKGTLVQTK
53,EESKEKFGKPNKRKGF
54,EIPPFHPFHPFPALPE
55,TSRFTLVPSGRADG
56,IPKQEKALMK
57,ISTPEELGLDK
58,SQVSYQGLPVQKTQT
59,PEPSKSAPAPK
60,SPPALELARGSVAPAP
61,QTQLRKAEAVALKYQQ
62,AGGALQVVHSRQLRQ
63,EAKTFDQLTPEESKE
64,TNMKHMAGAAAAG
65,KTVETRDGQVINETSQ
66,EKNSYRRTVNTFSQS
67,VLAPLHSLASQALEHGLPDPG
68,VEKDKFLINHASLTLST
69,GQMFRKTGRLIS
70,KENQDIRLLQAQLQAQKEE
71,QTLVPAKVASKN
72,VSVHVEHPQ
73,NALLPAVREKLQK
74,SQMQTHVSDT
75,IFFLPDSSKLLSG
76,QPQPVAVQGPEPARVE
77,DSVYWKVPK
78,ALPEPRLLRGRAAVAPG
79,KAAKPKAAKAKKAAAKK
80,SALRPSTSRSLYA
81,GSALRPSTSRSLYA
82,AAMLDTVVFK
83,NEFSILKSPGSV
84,HTKDFTRAAPNPAKAT
85,KTKVQNIHPVESAKIEPPDTG
86,NLVNNLRKEKSKVAK
87,EEEEEEEITVQFGHYVASHQPR
88,HQQRLQGHLLRQQEQ
89,YPKYLVCLRSFQTG
90,RKGAGDGSDEEVDGK
91,SRKLTAAAPGAVPH
92,DQDTIRELTGKLGRCE
93,SSAEGAAKEEPK
94,KKHLQDLSGRISR
95,RNKVSQEQSKPPGPSGASTSAAV
96,LKYFHTSVSRPGRGEPR
97,ALEEPDDQNRI
98,QRDRPARHPQEQP
99,STESDNNKYW
100,LELHLRPQAARG
101,PYNALTGKDSTRG
102,RPGSSDINVAPGEQGPD
103,ALERMFLSFPTTKTYFPH
104,STGDVVEVVEK
105,RTPKIQVYSRHPAEN
106,VTTSTRTYSLGSA
107,VGNEAQSKRGI
108,TYIPPKGETKKKF
109,LTDPLVAERAGTDES
110,SINGILFPGGSVDLR
111,VGDEAQSKRGI
112,EEEESARQKL
113,DAGKEGNNPAENGDAK
114,PGLARQAPKPRKQ
115,ARGSVAPAPGAKAKSLEGGGAGPVD
116,NGNYIMYARATSGDK
117,TCADMAIHPFG
118,KTNMKHMAGAAAAGA
119,ISTPEELGLDKV
120,NSRYSALNVQHQ
121,RQTLGSLRGLAKA
122,VVFVYVATRPTITE
123,KELLLPGNNRKVYE
124,SVVHPLLQLVPHLHERR
125,THEWQALQPGQAVPAGS
126,VSWGLRAAAAGGAFPRGG
127,FQDEYKTEVPHHHHHR
128,ANAFKLHRLPIPRPG
129,QTKGTGASGSFK
130,EVVASPASRLLLDQ
131,AEKALQEYRKKHREE
132,RQMIAIRKRQLE
133,PDPAKSAPAPKKGSKKAVT
134,TPKIQVYSRHPAEN
135,ENKNEKVIEH
136,DTGQGFKLVKS
137,MVGPIEEAVAKADKLAEEHSS
138,GTDNEVAALQPPVVQLHDS
139,AKPAPPKPEPKPK
140,QINQGESITH
141,NPDESSKPNM
142,ETPSLTAAVPSSVSVPR
143,QEEASGGPTAPK
144,TQGLRQLRNAAGDTR
145,HPTHEWQALQPGQAVPAG
146,LAVASFPKKQE
147,APGHLMRCQGMGVGR
148,VVTGNMGSNDKVGDF
149,TDYISKVKE
150,EKNPLPSKETIEQEKQAGES
151,EEAEEPDMEEDDDQKAVKDE
152,VVYENMKQTLGVTQK
153,FGGLGGGSVRFGP
154,LIEKTNEERKT
155,NLRETNLDSLPLVDTHSKRTL
156,RTLLIKTVETRDGQVINETSQ
157,YENEVALRQ
158,SKGTLVQTK
159,APSGEIKNEGAPAVQGTD
160,SDNQLQEGKN
161,HSGFVGQPAVSGNQ
162,DDEEAEEKAPVKK
163,DGHITFQTAATVKIPT
164,HYNKRSTI
165,SGQAFELILSPRSKES
166,SQEQSKPPGPSGASTS
167,LGSGFWHATGRHSSRR
168,SPDQGSTYSPARGVAGPR
169,AAAGAKKAKSPKKAK
170,KPPKPVSKMRMATPLLMQA
171,SPPPPALSSNPHQLLPPPNP
172,GMGQKDSYVGDEAQSK
173,KSAELNKEV
174,AGRHGDDLRNT
175,EPVWAIGTGKTATPQ
176,FGGPGTASRPS
177,IKKRFKVLMTQQPRPV
178,ISEGAHHLDLR
179,KTKVQNIHPVESAKIEPPDT
180,RGSSLLRVSGLESRPDVD
181,EVIFKALTGFRNNKNPK
182,VASGFKHVVPNEVVVQ
183,LTLPPNDHVNSNN
184,HNTWKAMEGIFIKPSVEPS
185,NPSSPLQRLIPGSNLDSEPR
186,SGSFKLNKK
187,VVHPLLQLVPHLHERRM
188,AHESVVKSEDFS
189,SQMQTHVSDTSV
190,ALAAAGYDVEK
191,AGGHKVGLALELEA
192,FQVLKSLGKL
193,AQQMVQPQSPVAVSQSKPG
194,QGIIGAKHSHLG
195,QKENAGEDPGLARQAPKPRKQ
196,SPPPPALSSNPHQLLPPPN
197,ARTKQTARKSTGGKAPRKQLATK
198,LKAVPSQKRT
199,LNRHFISNKPSKVLSPE
200,GVRWAASSATASSR
201,LPKPPKPVSKMRMATPLLMQALP
202,KGAWGKENVRKTEE
203,GAGDGSDEEVDGK
204,AYEQVAKALK
205,MRKYQMTGVEEVTQ
206,KRLKMQYATGPL
207,YAKDVKFGADARALMLQ
208,PEPTKSAPAPK
209,DGKLQSLDGPGAHKE
210,GPMFELLPGESNKIPR
211,FAKLVRPPVQVYG
212,AAAGYDVEKN
213,TENSTSAPAAKPK
214,SLGSSFGSGAGSSSFSRTSSS
215,SGGGGGGGFGRV
216,VPRDIPAMLPAARLPT
217,RAVAREESGKPGAHVTVK
218,AQGPKGGSGSGPTIEE
219,PAPGAKAKSLEG
220,KSIVEKSI
221,HEWKKLIM
222,HEGDEGPGHHHKPGLGEGTP
223,AEKNRKDAEEWF
224,STGGKAPRKQLA
225,KEKYEKDI
226,FERSKRKNPAAYENDK
227,TKTLGKIAEK
228,QRRENTQQHI
229,THNTWKAMEGIFIKPSVE
230,VQTKGTGASGSFK
231,APGHLMRCQGMGVGR
232,AVLLPKKTESH
233,AVAPEKPPASDETK
234,SIHGGSGGRGVSVSSA
235,STGGKAPRKQLATK
236,TEAPLNPKANREKM
237,TQAPLNPKANREKM
238,ALFRLSPTASRSW
239,KNFVSQIVAENLHPK
240,QKGRLSLQNTAEIQH
241,YGTGSETESPRNPS
242,YRGPAGDATVASEKESVM
243,ATGALEGQMFR
244,LSAAHDILSHKR
245,QAQDEEGGGHVPERPK
246,NGGQTRKLTASRTVSEK
247,VEKVQAAVGTSAAPVPS
248,KVAGAATPK
249,QKSLNILTAFQKKG
250,VPAPAVRILTPEVR
251,KGMHGGVPGGKQF
252,NSRYSALNVQHQM
253,LNHQKQLESNKIPE
254,AVTYTQASPKEAKVEPI
255,SKGTLVQTKGTGASGSF
256,GKGDPNKPRGKMSSY
257,GRDFTVLAGARGSPSPS
258,EKVAEKLEALSVKEET
259,VASVQQQRQEQSY
260,VSEGTKAVTKY
261,AFQKKGAEKEEL
262,VKAAWGKVGAHAGE
263,SSTLTALTTSVLK
264,SLWEQKGGSKTSSTIK
265,TVETRDGQVINETSQ
266,SSSKGSLGGGF
267,TDNEVAALQPPVVQLH
268,EALTFSREHGPGVAEPE
269,LPPGLLDALPALRTAHL
270,RPQYLGLRPAAAGAG
271,KRKRIEAIRGQILSK
272,LIAARRTGRLRGTKTVQEKEN
273,IYVSEKGTVQQADE
274,SNSRYSALNVQHQM
275,LQKSLNILTAFQKK
276,YSTDTVTQGSQMNGSPKPH
277,ALAAGGYDVEKNNSRIK
278,ATDGKKKISTVVSSKEVNKFQ
279,SEGTKAVTKY
280,ADAAPDEKVL
281,RELQPSEEVTWK
282,EPPAPAQQLQPQPVAVQGPEP
283,WQALQPGQAVPAGSH
284,FPEKLKSFPNIGSL
285,STIHLHPQFPVVIEKTSPP
286,TPNQETQAQRQV
287,ETIDKELIDHSPKATPDN
288,VGENADSQIK
289,GAPKTSFIAAKGTQVVK
290,KPNRDLKLQAGSDLR
291,AYEKEDSDEVH
292,KGTGASGSFKLNKKAA
293,LHRALFRLSPTASRS
294,DKTKVQNIHPVESAKI
295,ESDNGNIMIQKHDGITVAVHKMAS
296,YSKTQKLGKS
297,LDAQLRQAAGGALQVVHS
298,PRKIEEIKDFL
299,VPPVQVSPLIK
300,EMPMQTLVPAKVASKN
301,QRQILLGPNTGLSGG
302,LVYYLAGRDLSRLPQ
303,DPNIVIAKMDATANDVPSP
304,GDYSNQQSGYGKV
305,VFREISTDGRGGGDYLKKPGGGG
306,GTDNEVAALQPPVVQLHDSNPYPR
307,MQKEITALAPSTMKIK
308,GPSQMALLPVTNIRA
309,AAGGYDVEKN
310,IRAKRAKEAAEQDVEKKK
311,EEEEITVQFGHYVASHQP
312,DSNTDLVPAPAVRILTPE
313,EEKNRVHIQSSQTVESSG
314,KPAPPKPEPKPK
315,EEEITVQFGHYVASHQ
316,ATAPTRPQDGNKPTET
317,AVASFPKKQE
318,HKKSATLLPSFTVTPT
319,GQHEVHGMPSANTHNTW
320,SNSRYSALNVQHQML
321,TEESPASDEAGEKEA
322,YQKAFQNVFAPRNKN
323,LAGSRIIATAHIK
324,ERIMKAQALRDN
325,AQGPKGGSGSGPTIEEVD
326,KNQAWKSMKDTLGKPA
327,AQSWKSQDTKTTQG
328,ELKKYQAIASNSK
329,AVTYTQASPKEAKVEP
330,AQGPAASAEEPKPV
331,KIKTQEKAPV
332,ESVGKGAVHDVK
333,EPPAPAQQLQPQPVAVQGPEPA
334,RLASLTPPRARRPA
335,DLRAFQVQQAVDLRRHT
336,QEKNPLPSKETIEQEKQAGES
337,TPLLSAAGPVAAPR
338,SVEVDSAPGTDLAK
339,QKKTFFLGDGQKLKDWH
340,MASLDAEKAQGQK
341,ITVQFGHYVASH
342,IFVKTLTGKTITL
343,TERLKVLEAKMTML
344,EADYGRLSSRLQA
345,EISTDGRGGGDYLKKPGGGG
346,SNTDLVPAPAVRILTPE
347,HAKSAELNKEV
348,IPDKQITASSSYKTWG
349,LAVTAMKSRP
350,VSHLDILAVQEGKH
351,AEQYLKIMGKILDQG
352,YSSIKEMKPPLRG
353,SPPVVETLPTVDLHEES
354,ATVGSLAGQPLQER
355,AAEGEMNASRALK
356,ERMFLSFPTTKTY
357,NGKITSIVK
358,VQTKGTGASGSFKLNKKAA
359,DIPAMLPAARLPT
360,AIIDPGDSDIIRSMPEQTGEK
361,IPKSQHRMLAPTGAVS
362,LVKYREANGLPIME
363,DDDDNEDRGDDQL
364,KGTGASGSFKLNKK
365,AGYDVEKNNSRIK
366,EEAEEPDMEEDDDQKAVKDEL
367,KVQNIHPVESAKIEPPDTG
368,NYKPPPQKSL
369,GKNFDFQKSDRIN
370,KAGKGMHGGVPGGKQF
371,STGQKRPLKNDEL
372,KTNMKHMAGAAAAG
373,VLKQVHPDTGISSK
374,KDPNAPKRPPS
375,GQHWEREAAVRFQH
376,LDAQLRQAAGGALQ
377,WYSSKRKYDTPKTKKN
378,LHRALERLAASQSRTHED
379,PKRKVSSAEGAAKEEPKRRSA
380,SPELQAEAK
381,QQMVQPQSPVAVSQSKPG
382,GQQMKELRAQHEEN
383,EEKNRVHIQSSQTVESSGL
384,SEQSAKDKQPY
385,RQRQPKSAAFL
386,FHYSKTQKLGK
387,RTGLVVLGAHVLSTA
388,DVDLRFQTGNKSPE
389,NPEPWNKLGPNDQYK
390,SNRVVDLMAHMASKE
391,RKAGIFQSVK
392,GNYIMYARATSGDK
393,PSKETIEQEKQAGES
394,TAIAFKEKPR
395,RRITYVVHPGPGLAAG
396,KLPTDNQTKKPETY
397,AGEFIRASGVEARQ
398,GPGTDLALAPASSAGPGPG
399,NEMRDQYEKMAEK
400,GGVKKPHRYRPGTV
401,KGPMFELLPGESNKIP
402,LAVTAMKSRP
403,ALSVKEETKEDAEEKQ
404,SVSGAQKGRKQGGSQSSY
405,INGENCAGWSSDKAHKVLK
406,APGEDRFKPVVPWPHVEG
407,AEEKAVADTRDQADGSR
408,MLRQIIGQAKKHPS
409,ASGGGVPTDEEQATGLER
410,SMSYSSQKAQPGVSE
411,VSSSDSPPRPQPA
412,GDKKGKKKDPNAPKRPPSAF
413,QKKTFFLGDGQKLKDWHD
414,FRNQKGHSGLQPTGFLS
415,EKGPMFELLPGESNKIPR
416,IEKQVALLKALYGHGQ
417,SRYSALNVQHQM
418,GPQRSLSALHGAGGSA
419,LEQQNKVLDTKW
420,YCFNKPEDK
421,AVRISQEIGNLMKE
422,ARQVDGDNSHVEMKL
423,LMINAVSNGQVR
424,SEKAKPALEDLR
425,TYNPDESSKPNMI
426,KPPKPVSKMRMATPLLMQA
427,NLQDESFTRGSDSLIKGKK
428,SDEFKVETSNKVLD
429,WRQAGLSYIRYS
430,ENQDIRLLQAQLQAQK
431,IDSDAAAEAMGKF
432,LDRLLDLPAAASSED
433,DTGYYNLQVTYRNSQ
434,KAAWGKVGAHAGEYG
435,GSRKLTAAAPGAVPHT
436,LKQVHPDTGISSK
437,LDGKLQSLDGPGAHKE
438,APPPQITSLPSNIALSPT
439,FESSENIEDSNNPK
440,DAQLRQAAGGALQ
441,SAELNKEVSTN
442,EASSRGGGAFSGGEDA
443,MFLSFPTTKTYFPH
444,SVGGSGGGSFGDNLVTRSY
445,VQRTLMNLGGLAVARDD
446,TGGVKKPHRYRPGTVAL
447,NTHNTWKAMEGIFIKPS
448,EMRKAGIFQSVK
449,ADEAGSEADHEGTHSTK
450,EKRGWTLNSAGYLLGPHA
451,RFLFHYSKTQKLGKSN
452,TKVQNIHPVESAKIEPPDTG
453,RIVDGKVVSETNDTKVL
454,TPFLVVRHQLLKT
455,EYENIIALQENELKKKA
456,SPQQVTRLPSGYGLA
457,VDSAPGTDLAK
458,TPRRPFEKSRL
459,HSGFVGQPAVSGNQANPA
460,KGAWGKENVRKTEES
461,YQAAAPVLTPAKVTGKSKKRN
462,ISHAPNAVKTAFY
463,AGYDVEKNNSRIKL
464,AQINQGESITH
465,AASLSCLLGVPGGPRPQ
466,ALAAAGYDVEKNNSRIK
467,EFKNTRTNEKVEL
468,VDNLNLLKAITEKEK
469,RPAAWYARGVAVGAQ
470,VQTKGTGASGSFKLNKK
471,SSPPESSFQKLAPSEYRYT
472,NPGGYVAYSKAATVTGKL
473,SPPESSFQKLAPSEY
474,KPNRDLKLQAGSDLRRRR
475,IRRNFELMEAEKTKLL
476,PATGGVKKPH
477,LVKYREANGLPIMES
478,PELAVQKVVVHPLVL
479,DDEHGVASMVSVHVEHPQE
480,TEQALAKAGKGMHGGVPGGK
481,LSKFIEEHATKLSRT
482,ASSPGGVYATRSSAVR
483,PEVLPKPRMRGLLA
484,DSYVGDEAQSK
485,SSEAPPLINEDVKRTVD
486,STGGKAPRKQLAT
487,VLYHYVAVNNPKKQE
488,DGQVINETSQH
489,SSGAHGEEGSARMWKTLTF
490,RNIVAAMKAHGVDK
491,WNKPSKPKTNMKHMAGAAAAGAVVG
492,KGTGASGSFK
493,TEVKSVEMHHEALS
494,MLMPKKNRIAIYE
495,AYMKKNHEEEMKEF
496,LARGSVAPAPGAKAKSLEG
497,AEEPDMEEDDDQKAVKDEL
498,KDPNAPKRPPSAF
499,SFTPNQETQAQRQV
500,VARKSAPATGGVKKPHRYRPGTV
501,AEEKEGEKDAAAAKEEAPK
502,YVTTSTRTYSLGSALRPSTSRSLYA
503,EDDEDNDVDTK
504,EDDEDDDVDTK
505,IAQLRPSSNYLALRGPG
506,GPGANFVSFVGQAGGG
507,VQVFAPANALPARSE
508,KPSGFRSVKAPVTK
509,YSSIKEMKPPLRG
510,NEELAYMKKNHEEEMKEF
511,LHQQRLQGHLLRQQE
512,SKGLFRAAVPSGASTG
513,LAPLHSLASQALEHGLPDPG
514,GSSLLRVSGLESRPD
515,PKRKAEGDAK
516,FGGPGTASRPSSS
517,GPLPPFAVAQGAQLLIRP
518,ARRLRDQEAAVAELQ
519,GMHGGVPGGKQF
520,LALYKGKKERPRS
521,SVDSGSSEEQGGSSRA
522,LKKFYNQVSTPLLR
523,VANPNSAIFGGARPREEVVQKEQE
524,EEEDKKEDVGTVVG
525,LSKQQASQVLVRK
526,KKPAGAAKKPK
527,KPKTNMKHMAGAAAAGAVVGG
528,IPVQTISRAAAEKLFG
529,TEAPLNPKANREKM
530,TQAPLNPKANREKM
531,NQAWKSMKDTLGKPA
532,IALYMASQPKNK
533,SQKPVMVKRKRTRPTKSS
534,ASSLWSLFAPSSPIPR
535,AYSVKSRDRKMVG
536,SLGSPSGEVSHPRKT
537,ARGSVAPAPGAKAKS
538,AKTFDQLTPEESKER
539,SPSDPLTLLQADTVRG
540,RPDNAKPNRDLKLQAG
541,GKGDPNKPRGKMSSY
542,KDYEEVGVDSVEGEGEEEGEEY
543,TVGPKAPSGGKKATQASQEY
544,HPTHEWQALQPGQAVPA
545,DQRAFHRMMTGLR
546,PFLVVRHQLLKT
547,KPKTNMKHMAGAAAAGAVV
548,LAIIDPGDSDIIRSMPEQTGEK
549,LPQQIHSQVTPLSSQ
550,EYENIIALQENELKKK
551,IPLLLYPQDGPRSKPQPK
552,LLYPQDGPRSKPQPK
553,DEVKEMPMQTLVPAKVASK
554,QKADIEEIKSGRLSK
555,RAPGHLMRCQGMGVGR
556,YTSGPGSRISSSSFSRVG
557,AKKIKTQEKAPV
558,NAGEDPGLARQAPKPRKQ
559,YHQVIQQMEQKKLQ
560,EDFLVYKLEAQETLNKGRQ
561,LNETGDEPFQYKN
562,FGNLSSASAIMGNPK
563,TSELKFIKNAVAGVR
564,VVPTFGKKKGPNANS
565,HRGFSGLDGAKGDAGPA
566,VTNLSGQLSELK
567,NARYSRSSAAAGAPS
568,PRKIEEIKDF
569,KPPKVSLMPATLARAAPG
570,EPPAPAQQLQPQPVAVQGPE
571,GGYDVEKNNSRIK
572,VLLPKKTESHKAKSK
573,TDDDGQAPEAK
574,GGQTRKLTASRTVS
575,FDAELSQMQTHV
576,VNNPFLPQASRLQAK
577,SPPESSFQKLAPSE
578,LSPLASLVIPPVTDRK
579,VPPVQVSPLIKLGRYSAL
580,FEDPKFEVIEKPQA
581,DDEEAEEKAPV
582,ERREERAEVGAPLSPDHS
583,DRPARHPQEQPLW
584,QGKGDSEHKRKKVEAQL
585,KPKTNMKHMAGAAA
586,DASLGNLFARSALDT
587,YDLMDNKDKGSS
588,RNKVSQEQSKPPGPSGAST
589,LIEKTNEERKTLL
590,GRMHAPGKGLSQSALPYR
591,LPLTVTSQQGVKVKFPPN
592,DPGRHVMLLRAVPGGAG
593,GKGMHGGVPGGKQF
594,PEPVKSAPVPK
595,GRQTLGSLRGLAKAK
596,ANAEKTSGSNVKIVKVKKE
597,AGDDAPRAVFPSIVGRPRHQGV
598,KPPKVSLMPATLARAAPG
599,TAALTAVRPSRVARD
600,LRGELQQLSGSQLHGKS
601,YVGEIIGKRGIIGYDV
602,EKRGWTLNSAGYLLGPHA
603,LQVLTKNKDNHNL
604,HKQKYLQLQQEKEQ
605,AHYKLVPQQLAH
606,AKKYKGQKGLVIAK
607,MVAKEARNVTMETE
608,PGPTPSGTNVGSSGRSPSKAVAA
609,SGEEVFAEHGGQARGHR
610,RLSAKPPAKVEAKPK
611,LSKFIEEHATKLSRTK
612,QTKEFQVLKSLGK
613,IRPEIHENYRING
614,ERLQALKTMKQH
615,KFDWRQQYVGKVK
616,KPKTNMKHMAGAAAAG
617,DELPQLVTLPHPNLHGPE
618,VASWLAGGGRGAVRG
619,LSEENRHLRDEGLRLR
620,GQHEVHGMPSANTHNT
621,SQRHEEKVAAY
622,HRALFRLSPTASR
623,TERLKVLEAKMTM
624,KAASGEAKPKAK
625,YVTTSTRTYSLGSA
626,ALTFSREHGPGVAEPE
627,GKGDPKKPRGKMSSY
628,WTSDTQGDEAEAGEGGEN
629,SSHNFESMSPAKPVQ
630,RPSSNYLALRGPGGRS
631,GLAVTAMKSRP
632,GPGQPGFEGEQGTRGAQGPA
633,VQRLTYRRRLSYNTASNKTRLS
634,KGTGANGSFK
635,KTETQEKNTLPTKETIE
636,LKKYQAIASNSK
637,IPGYIVDDSVRVEQ
638,SSGAHGEEGSARMWKTLTF
639,IIKGVRKSNAAERRGPL
640,IGEDDNDDGHPLHPS
641,HQQRLQGHLLR
642,NEFSILKSPGSVV
643,TDNEVAALQPPVVQLHDS
644,DESANQEEPEARVPA
645,NIHPVESAKIEPPDT
646,IDKTKVQNIHPVESAKI
647,SFFSDKRTTTTRVGS
648,NGNLIPTHTQPSYR
649,TSELKFIKNAVAG
650,YGNQDTSSQLK
651,VVAPFMANIPLLLYPQDGPR
652,ANTQPRGPPASSPAPAPK
653,SDNQLQEGKNV
654,PGPTPSGTNVGSSGRSPSKAVA
655,NYKPPPQKSLK
656,TTTSLVLERSLNRVHLLG
657,QQMVQPQSPVAVSQSKPG
658,SRSGGGGGGGFGRV
659,NQAWKSMKDTLGKPAA
660,FREKLQAANAEDIKSG
661,LGRHENAIKYLG
662,AAAPASVPAQAPKRTQAPTKASE
663,HNTWKAMEGIFIKPS
664,GGGGGGGLGSGGSIR
665,APFMANIPLLLYPQDGPR
666,RGILAEMKPLPLHPPG
667,GTGASGSFKLNKKAA
668,VFHPTHEWQALQPGQAVPAGSHV
669,TERLKVLEAKMTMLT
670,QSRIYSNAKNTEALPPPT
671,SPHAFKTESGEETD
672,VDSGSSEEQGGSSRA
673,VEEDDDDELDSK
674,GSKKVISSANRAVVG
675,EKNRVHIQSSQTVES
676,ARELLREETGAALKPR
677,VGVIKAVDKKAAG
678,TEHSYKELMAQNQPK
679,APLLREVAAVRCAVH
680,SVVHPLLQLVPHLHERRM
681,REEHKKKHPDSSVNF
682,LVITDKEKAEKLK
683,SSHNFESMSPAKPVQ
684,VRAATVGSLAGQPLQERAQA
685,MTLNPRAPTDDDKNIY
686,KEKYEKDIAAY
687,VGVIKAVDKKAAGAGKVT
688,REKLQLISALTNKPE
689,TVLLRWLPPVPAERNG
690,ALHQQRLQGHLLR
691,VQPQSPVAVSQSKPG
692,KSLVSKGTLVQTK
693,KTEAPAAPAAQETK
694,GGRYGVEKDKWDKA
695,KAKVAKPKKAAK
696,GRGAPYNALTGKDSTRG
697,AAAGYDVEKNNSRIKL
698,KSPELQAEAK
699,SSGAHGEEGSARMWKTL
700,GQSVVQLQGSRVVVG
701,LKEFALTNPEKSST
702,QPPRQVILTLQPTLVAVGK
703,HRALQAQRGAGLAPV
704,SAPATGGVKKPH
705,NDVWQNHEAVPGRAED
706,TEQALAKAGKGM
707,SAAPGSAAPAAGSAPAAAEEK
708,VNQMFFLAAKELYTK
709,RDGQVINETSQHHDDLE
710,SSGAHGEEGSARMWK
711,GKADAGKEGNNPAENGDAK
712,ERGILAEMKPLPLHPPG
713,QVSYQGLPVQKTQT
714,PAPGAKAKSLE
715,SQAVANERAHPASTA
716,DSNSRYSALNVQHQML
717,EKMSFETQKTNLATEN
718,EEEEEEITVQFGHYVASHQPR
719,LQPEILRVEPPLAPAPR
720,EVFHPTHEWQALQPGQAVPAGSHV
721,REQLEEEEEAKH
722,RLSFSEINTRVIK
723,ALKRQGRTLYGFGG
724,AGEFIRASGVEARQAL
725,AQQGPPEPAQESLSGSESKPKDEL
726,KQVEDEKNSF
727,VQFGHYVASHQPR
728,VRAATVGSLAGQPLQERAQAWGERL
729,TKAVAASKERSGV
730,VHPLLQLVPHLHER
731,GGHATNYRIVAPRSRDERG
732,APAPGAKAKSLE
733,DKTKVQNIHPVESAKIEPPD
734,VQTCREEHKKKHPDSSVNF
735,HNTWKAMEGIFIKPSV
736,LPPGLLDALPALRTAHLG
737,GRVFLTGEKANSILKRYPR
738,SAKPAPPKPEPRPK
739,EFKKYEMMKEHERRE
740,GSGSGWSSSRGPY
741,VGGVMTKLIPRNTVVPT
742,FKKYEMMKEHER
743,LPPNDHVNSNN
744,AQIAAENEEDEHSV
745,VYKLEAQETLNK
746,KPNRDLKLQAGSDLRRR
747,WEQKGGSKTSSTIK
748,AGYDVEKNNSRI
749,EKNRVHIQSSQTVESS
750,HPVTGQFLYQDSNWASK
751,TLPTKETIEQEKRSEIS
752,KPSKPKTNMKHMAGAAAAG
753,TTKHFHETTPNKGSG
754,TDEYDGHSTYPSHQYQ
755,RNKVSQEQSKPPGPSGASTS
756,VKEMPMQTLVPAKVASK
757,ALAAAGYDVEKNNSRIKLGIK
758,SAPATGGVKKPHRYRPGTV
759,LPQQIHSQVTPLSSQS
760,PPKPVSKMRMATPLLMQA
761,AEGEMNASRALK
762,RSGGGGGGGLGSGGSIRSS
763,EEMRKAGIFQSVK
764,KVQNIHPVESAKIE
765,RKGAGDGSDEEVDGKADGAEAKPAE
766,SSGSDESASRSA
767,SYFEKSKEQLTPL
768,LERMFLSFPTTKTYFPH
769,AGKGMHGGVPGGKQ
770,VSKPSGPQPQADLQ
771,LSKQQASQVLVR
772,SVSGAQKGRKQGGSQSSY
773,VAEYKQLKDTLNR
774,YFKLRSKKTPAVKAT
775,AAKPVAAKPAAVRPPA
776,QVSYQGLPVQKTQTIH
777,NNTAADDKQPY
778,AEELDAQLDAYNARMDTS
779,KAEPPKAPEQEQAAPGPAAGGEAPK
780,NNDVWQNHEAVPGRAE
781,SSFGSGAGSSSFSRTSSS
782,AVRDMRQTVAVGVIKA
783,FSDEFKVETSNKVLDYDT
784,NSRYSALNVQHQML
785,LIKTVETRDGQVINETSQ
786,NNDVWQNHEAVPGRAED
787,MFGGPGTASRPSSS
788,EAKTFDQLTPEESKER
789,FHPTHEWQALQPGQAVPAGSH
790,RPGSSDINVAPGEQGPDQ
791,STESDNNKYWLVK
792,EGLMKVEAARLSAQ
793,RAELQEGARQKL
794,KKKARKSAGAAKRKASGPPVSELI
795,VGGFNSNVGSKVLG
796,TDQAQKAEGAGDA
797,TETQEKNPLPSKETI
798,SAAKAVKPKAAKPKVVKPK
799,TYNPDESSKPNM
800,HYRGPAGDATVASEKES
801,HHKSLEPLASPAVPFPG
802,EEEEEEEITVQFGHYVASHQPR
803,SPGPQRSLSALHGAGGSA
804,AIQLDGLNASQIRE
805,KRFLFHYSKTQKLGK
806,LRLSFSEINTRVIK
807,AVLLPKKTESHHKAKGK
808,MFGGPGTASRPS
809,PAAVTESKEGTEASASKGLEKKEK
810,FKKYEMMKEHERRE
811,EGLMKVEAARLSAQDP
812,VPRDIPAMLPAARLPT
813,DVPPLQAARPAPPEPPA
814,RNKVSQEQSKPPGPSGASTS
815,DKSKLKKTETQEKNPLPSKETI
816,EHLEGVINKPE
817,LSFPTTKTYFPH
818,MFGGPGTASRPSSS
819,KGTGASGSFKLNKKAASGEAKPKAK
820,GDKAKVKDEPQRRSA
821,SKRLEFVAARLGAEL
822,QVSYQGLPVQKTQ
823,EYENIIALQENELKKKADE
824,KVIPELNGKLT
825,HRDDEHGVASMVSVHVEHPQE
826,RPDNAKPNRDLKLQAGSDL
827,TPQAMLYLKGAQGRR
828,FLFHYSKTQKLGKS
829,PGLARQAPKPRKQ
830,RVFLTGEKANSILKR
831,MQNALGRGKVVPLWHPA
832,VQYHWEELKGPLREE
833,DSGSSEEQGGSSRA
834,PDPAKSAPAPK
835,KPSKPKTNMKHMAGAAAAGAVVG
836,YTSGPGSRISSSSFSRVGSSN
837,ELPQLVTLPHPNLHGPE
838,AIQLDGLNASQIREL
839,EAQSWKSQDTKTTQGNGG
840,YSSIKEMKPPLR
841,KEDNYVIMTTAHKE
842,LVYKLEAQETLNK
843,ASGNYATVISHNPETK
844,RAAEDDEDNDVDTK
845,FPTLKFFPASADRTVID
846,RAAEDDEDDDVDTK
847,SPSSAFTPAHATTSSH
848,KETIEQEKRSEIS
849,TETQEKNPLPSKETIEQEK
850,EEEDLLMLNSSPSTAK
851,TLSKSDAKKAASKTLLE
852,WVPYINGKFKKDN
853,APGLLLLGSGSRAAHDPPA
854,FEEMRKAGIFQSVK
855,LREKLQLISALTNKPE
856,GPGANFVSFVGQAGGGG
857,NFLSKQQASQVLVR
858,IRKLRQLHGLLQAR
859,PMQTLVPAKVASK
860,EFKKYEMMKEHERR
861,VAAKKTKKSLESINSRLQ
862,FKRELQPSEEVTWK
863,WEASSRGGGAFSGGEDA
864,PRKIEEIKDFLLT
865,DQEHIMEHLEGVINKPEAEMSPQ
866,HGQFSQAVTPLAHHH
867,SIDLKDKYKNIGAK
868,RNKFNQVESDKLRMD
869,DVASVQQQRQEQSY
870,IKTVETRDGQVINETSQ
871,VKTDWDRAKSQKMREQ
872,HVEIDPEIQK
873,KPSRMVSRAPGHLMR
874,ERREERAEVGAPLSPDH
875,GTGSETESPRNPS
876,LQRYLQGSSVQLRS
877,AQAAAPASVPAQAPK
878,PEPAKSAPAPK
879,SDYNIQKESTLHL
880,KHRAQVIYTRNTKGGDAPAAGEDA
881,KETIEQEKQ
882,LSKFRMPQPSSGRESPRH
883,SSNSMQTIQKTTTR
884,KGMHGGVPGGKQF
885,RETNLDSLPLVDTHSKRTL
886,RDVDLRFQTGNKSPE
887,QEHIMEHLEGVINKPE
888,RPQLELHLRPQAARG
889,GTLVQTKGTGASGSF
890,SPGPQRSLSALHGAGGSAGPPA
891,ADAAPDEKVLDSGF
892,DEPLETATKEN
893,KENAGEDPGLARQAPKPRKQ
894,NNTAADDKQPYEKK
895,PATGGVKKPHRYRPGTV
896,APPVVGGFNSNVGSKVLG
897,SGQKGKQQTESKGSF
898,LRGLAKAKPEASFQ
899,HAKSAELNKEVSTN
900,AGEFIRASGVEARQA
901,RAKHHAISAVLAKPF
902,AKDVKFGADARALMLQ
903,AVDKKAAGAGKVTKSAQKAQKAK
904,GPHASSLWSLFAPSSPIPR
905,LADHANSPNKKFYQ
906,VLNLQDESFTRGSDSLIKGKK
907,EDASSDSTGADPAQEAGTSKPNEEI
908,KPKTNMKHMAGAAAA
909,EGLMKVEAARLSAQ
910,ETGEVIPPMKEFPDQHH
911,RAATVGSLAGQPLQERA
912,TGGVKKPHRYRPGTV
913,IEKTNEERKTLL
914,VKAYTFSEPFHLIVS
915,ITVQFGHYVASHQPR
916,EALHQQRLQGHLLR
917,LPQLVTLPHPNLHGPE
918,VKAAWGKVGAHAGEYG
919,FLSFLHLKEAGALDR
920,SALGAAYGTAKSG
921,DTGSYRAQISTKTSAK
922,STRNENKLLPKHPHLVRQ
923,QTKEFQVLKSLGKL
924,DHDAFLGAEEAKTFD
925,NSHFVRLAAELGGGK
926,DREEIAHNMQSTLDD
927,SGSGGGYGGGSGKSS
928,HSQVTPLSSQSVVIH
929,YTVKKHLQDLSGRISRARHN
930,KGRLDYLSSLKVKG
931,KEFQVLKSLGKL
932,TVKKHLQDLSGRISRARHN
933,VDNLNLLKAITEKE
934,FEEMRKAGIFQSVK
935,EKNNSRIKLGIK
936,NENKLLPKHPHLVRQ
937,DESFTRGSDSLIKGKK
938,QKSLNILTAFQKK
939,GAALQGLRPPPPPPP
940,SAGPPPTGEEDTAEKDEL
941,TGQFLYQDSNWASK
942,MQRWIMEKTAEHFQ
943,KQVHPDTGISSK
944,LSDYNIQKESTLH
945,QHRMLAPTGAVSTR
946,GPGEEALLQMRSNIIYDS
947,LPGELAKHAVSEGTKAVTKYTSSK
948,TPLPKKELLLPGNNRKVYE
949,RAATVGSLAGQPLQER
950,QVTQPTVGMNFKTPRGPV
951,LSDYNIQKESTLHL
952,SLVSKGTLVQTKGTGASGSF
953,KGRLSLQNTAEIQH
954,FGNLSSASAIMGNPK
955,NDVWQNHEAVPGRAE
956,KRELQPSEEVTWK
957,SALGAAYGTAKSGTGIA
958,LHRALFRLSPTASRSWD
959,ALHQQRLQGHLLRQ
960,HRMLAPTGAVSTRT
961,TVGSLAGQPLQERAQ
962,TPAALRTLRSPATAVPR
963,TRNENKLLPKHPHLVRQ
964,FELLPGESNKIPR
965,KVVPEMTEILKKK
966,SALGAAYGTAKSGTG
967,RNKVSQEQSKPPGPSGA
968,GTGASGSFKLNKK
969,KTETQEKNPLPSKETIEQEKQAG
970,YAQQLRKLRENSS
971,APAAPSPPALELARGSVAPAPGAKA
972,AVRDMRQTVAVGVIK
973,VMPYISTTPAKLRNPC
974,ASGGGVPTDEEQATGLEREIMLA
975,GKNFDFQKSDRINSET
976,VRESLFSLDGAGAHFPD
977,SSTFDAGAGIALNDH
978,SHNFESMSPAKPVQ
979,VRDMRQTVAVGVIK
980,AEDDEDNDVDTK
981,PVTVTRTTITTTTTSSSGLG
982,AEDDEDDDVDTK
983,KPKTNMKHMAGAAAAGAVVGGLGG
984,SRIYSNAKNTEALPPP
985,VGNEAQSKRGILTL
986,KPKTNMKHMAGAAAAGAVVGG
987,VGDEAQSKRGILTL
988,TRTHINYGVKGDVAVVR
989,ANTHNTWKAMEGIFIKPSVEPS
990,SSLLEKGLDGAKKAVGGLGKLGKDA
991,RLSFSEINTRVIKED
992,GPMFELLPGESNKIPR
993,FAKPRNQGGYGGSSSSSSYGSGRRF
994,KLEKEEEEGISQESSEEEQ
995,DPYARNKFNQVESDKLRMD
996,RAAEDDEDNDVDTKK
997,RAAEDDEDDDVDTKK
998,VKFGADARALMLQ
999,KGPMFELLPGESNKIPR
1000,GTGASGSFKLNKKAASGEAKPK
1001,NDVWQNHEAVPGRAEDT
1002,EKRGWTLNSAGYLLGPH
1003,EPSILEMSRGVKLTDV
1004,AAEDDEDNDVDTK
1005,AAEDDEDDDVDTK
1006,RGAPYNALTGKDSTRG
1007,EPSILEMSRGVKLTNV
1008,ITPMMELKPNAGSDR
1009,MDGHITFQTAATVKIPT
1010,RVEYHFLSPYVSPK
1011,NPHVNPLPTGYEDE
1012,SGDTTAPKKTSFGSLK
1013,VTKAAGTKKQFQKF
1014,SQAVANERAHPASTAVPK
1015,KETIEQEKQAGES
1016,NGGQTRKLTASRTVS
1017,GSSLLRVSGLESRPDV
1018,LVYKLEAQETLNKG
1019,SLVSKGTLVQTK
1020,EGLMKVEAARLSAQDPV
1021,SLRGLAKAKPEASFQ
1022,SEHRPKIKSEHPGLSIGDTAK
1023,EAPAANSDQTVTVKE
1024,SARLSAKPAPPKPEPKPK
1025,SRSGGGGGGGLGSGGSIRSSYSRF
1026,EHIMEHLEGVINKPE
1027,HVEIDPEIQKV
1028,AKRTKKVGIVGKYG
1029,HPTHEWQALQPGQAVPAGS
1030,APINFHQNDPVEIKA
1031,KPAAAAAPGTAEKLSPK
1032,KTVETRDGQVINETSQHHDDLE
1033,AGKGMHGGVPGGKQF
1034,SSGAHGEEGSARMWKTLT
1035,RAVVVKKIETRDGKLVSESSDVLPK
1036,TDEEEETAKESTAEKDEL
1037,APRPYSKQVSYVIQ
1038,THNTWKAMEGIFIKPSVEPS
1039,KEADYGRLSSRLQAR
1040,TRRIVDGKVVSETNDTKVLRH
1041,RNKFNQVESDKLR
1042,LEKGLDGAKKAV
1043,RLSAKPAPPKPEPKPKKAPAKK
1044,APSTYAHLSPAKTPPPPA
1045,LQTKEFQVLKSLGKLA
1046,EGKYTPPPHHIGKGEPRP
1047,FKKYEMMKEHERR
1048,RLSFSEINTRVIKE
1049,FGSAFATPFLVVRHQLLKT
1050,VFHPTHEWQALQPGQAVPAGSHV
1051,KSGVYQHVTGEMMGGHA
1052,SFGNLSSASAIMGNPK
1053,SPHAFKTESGEETDLISPP
1054,IDSDAAAEAMGKF
1055,QNALGRGKVVPLWHPA
1056,MALMASLDAEKAQGQK
1057,AEGLMKVEAARLSAQDP
1058,TVETRDGQVINETSQHHDD
1059,AEKVAEKLEALSVKEET
1060,EKEVVSAQPATFLARSPH
1061,VPSKRLKMQYATGPL
1062,FHYSKTQKLGKS
1063,GARPREEVVQKEQE
1064,KDSYVGDEAQSK
1065,EDFLVYKLEAQETLNKG
1066,DFLVYKLEAQETLNK
1067,NSRYSALNVQHQM
1068,IVAGLEKMPARRASLS
1069,MVGPIEEAVAKADKLAEEHSS
1070,KTRYEDVNPVLLSGPE
1071,LKGRLDYLSSLKVKG
1072,GSGGGSYGSGGGGGGHGSY
1073,KGTQVVKISVHMGRVS
1074,GAPYNALTGKDSTRG
1075,SKQQASQVLVRK
1076,PKRKVSSAEGAAKEEKP
1077,VPIDIDKTKVQNIHPVESAKIEPP
1078,MKASGTLREYKVVG
1079,SDKFFQKSSSRIGGT
1080,APSTYAHLSPAKTPPPP
1081,ALHQQRLQGHLLRQQE
1082,LPPGLLDALPALRTAH
1083,GIHFSQQDDHKLYSQD
1084,SDYNIQKESTLH
1085,GTQVVKISVHMGRVS
1086,SSGAHGEEGSARMWKT
1087,AGKGMHGGVPGGKQF
1088,KAAGAGAAKRKATGPPVSELI
1089,PDPAKSAPAPKKGSKKAVTKVQK
1090,NEFSILKSPGSVVFR
1091,DKTKVQNIHPVESAKIE
1092,SAVTTVVNPKYEGK
1093,AKAGKGMHGGVPGGKQF
1094,EHGVASMVSVHVEHPQ
1095,ALHQQRLQGHLLRQQ
1096,TQEKNPLPSKETIEQEKQAGES
1097,EEMRKAGIFQSVK
1098,GPSQMALLPVTNIR
1099,YHQVIQQMEQKKLQQ
1100,RLSAKPAPPKPEPKPKKAPA
1101,YGFESTESDNNK
1102,SRSGGGGGGGLGSGGSIR
1103,KRFLFHYSKTQKLG
1104,KTETQEKNPLPSKETIEQEKQ
1105,QHRMLAPTGAVSTRT
1106,NDKSEEEQSSSSVK
1107,TKVARKSAPATGGVKKPHRYRPGTV
1108,IRRNFELMEAEKTKL
1109,TLPTKETIEQEKRSE
1110,ATPLLSAAGPVAAPR
1111,MNHVAKQQSEEAFPQ
1112,KEEFEKNKGKGF
1113,AKHAVSEGTKAVTKYTSSK
1114,DEVKEMPMQTLVPAKVASKN
1115,SAPATGGVKKPHRYRPGTVAL
1116,GPGPAPMPSDFQVLRAKY
1117,TKVQNIHPVESAKIEPPDT
1118,DVPPLQAARPAPPEPP
1119,KVLKQVHPDTGISSK
1120,DPPKPSLSSQQAVYGHVH
1121,SNQVVGQVNVEMDATPGIDLTRVL
1122,DWVPYINGKFKKDN
1123,LRLSFSEINTRVIKE
1124,SSGAHGEEGSARMWKTLT
1125,DIRPEIHENYRING
1126,SEHRPKIKSEHPGLSIGDTAKK
1127,SALGAAYGTAKSGTGIAA
1128,RKVSSAEGAAKEEKP
1129,RKVSSAEGAAKEEPK
1130,GTRLAQEAASKLTRA
1131,EALHQQRLQGHLLRQ
1132,SGGGGGGGLGSGGSIRSSY
1133,RSGGGGGGGLGSGGSIRSSY
1134,TDNEVAALQPPVVQLHD
1135,EMPMQTLVPAKVASK
1136,DAPEEEDHVLVLR
1137,AEAFDDVVGETVGKTD
1138,MKLVTNLSGQLSELK
1139,KAGKGMHGGVPGGKQF
1140,KAAIVQAGSVSAHK
1141,PMQTLVPAKVASK
1142,SLVSKGTLVQTKGTGASGSFKLN
1143,TSFIAAKGTQVVK
1144,ARGSVAPAPGAKAKSL
1145,GRQTLGSLRGLAKAKPE
1146,DHDAFLGAEEAKTFDQ
1147,GRVRAATVGSLAGQPLQERAQ
1148,DSVYWKVPKTR
1149,DAYEPEISRLHDSLAIERKIK
1150,GAPYNALTGKDSTR
1151,YGRKFVQGKSIDVACHPG
1152,KPKTNMKHMAGAAAAGAV
1153,FLSFPTTKTYFPH
1154,QEHIMEHLEGVINKPE
1155,PPESSFQKLAPSEYR
1156,ARNKFNQVESDKLRMD
1157,KTTIRLMNSQISVHH
1158,DAQLRQAAGGALQVVH
1159,EVEIFPPEDKKAIRSK
1160,AAAGYDVEKNNSRIK
1161,STGSYSINFVQNPNNNR
1162,AKAGKGMHGGVPGGKQF
1163,MLMPKKNRIAIYEL
1164,PYNALTGKDSTR
1165,GPSQMALLPVTNIRAKS
1166,NLELSKFRMPQPSSGRESPRH
1167,EDFLVYKLEAQETLNK
1168,KPKTNMKHMAGAAAAGAVV
1169,SQVSYQGLPVQKTQTIH
1170,HQVIQQMEQKKLQQ
1171,REKLQAANAEDIKS
1172,YSTDTVTQGSQMNGSPKPH
1173,VQNIHPVESAKIEPPD
1174,NNDVWQNHEAVPGRAEDT
1175,IDKTKVQNIHPVESAKIEPPD
1176,SHQKRTPDFHDKYGNAVLASGATF
1177,PKRKVSSAEGAAKEEPK
1178,KGTGASGSFKLNKKAASGEAKPKVK
1179,AEGLMKVEAARLSAQDPV
1180,KRFLFHYSKTQKLGKSN
1181,HRALERLAASQSRT
1182,DQEHIMEHLEGVINKPEA
1183,TEQALAKAGKGMHGGVPGGKQF
1184,KAGAAKAKKPA
1185,VEEDDDDELDSKL
1186,LFHYSKTQKLGKS
1187,GSSLLRVSGLESRPDVD
1188,RFLFHYSKTQKLG
1189,EAQSWKSQDTKTTQGNG
1190,MESGLSDVTKDQ
1191,VKKHLQDLSGRISRAR
1192,VYKLEAQETLNKG
1193,RLKMQYATGPLLKFQ
1194,KALAAAGYDVEKNNSRIKL
1195,KKKARKSAGAAKRKA
1196,SEHPGLSIGDTAK
1197,RVRAATVGSLAGQPLQERAQ
1198,AKTFDQLTPEESKE
1199,EKNRVHIQSSQTVESSG
1200,VANITNADSATRLLA
1201,TETQEKNPLPSKET
1202,VKKHLQDLSGRISRA
1203,EMPMQTLVPAKVASK
1204,DKTKVQNIHPVESAKIEPP
1205,GGQTRKLTASRTVSE
1206,VVHPLLQLVPHLHERR
1207,SRIYSNAKNTEALPPPT
1208,KPKTNMKHMAGAAAAG
1209,VETNKVPVAPDSIGKDGEKQDL
1210,LKQFEHLDPQNQHT
1211,AKPRNQGGYGGSSSSSSYGSGRRF
1212,SPAKEKRGWTLNSAGYLLGPH
1213,KKKARKSAGAAKR
1214,TPLPKKELLLPGNNRKVYELSN
1215,EALHQQRLQGHLLRQQE
1216,LHRALERLAASQSRTH
1217,GTRLAQEAASKLTR
1218,IVYKIRAADKRSKALKASAPAPGHH
1219,RSQAVANERAHPASTAVPK
1220,RGSVAPAPGAKAKSL
1221,EGEEPTVYSDEEEPKDESARKND
1222,RVFLTGEKANSILK
1223,TKEFQVLKSLGKL
1224,DAAAKQKVEQNAAPSHTKFS
1225,FKNKVPEKQKLFQ
1226,LRLSFSEINTRVIKED
1227,RPDNAKPNRDLKLQAGSD
1228,ATQKTVDGPSGKLWR
1229,VKKHLQDLSGRISR
1230,LAPLHSLASQALEHG
1231,MPMQTLVPAKVASK
1232,VKTDWDRAKSQKMREQQ
1233,KEADYGRLSSRLQA
1234,VKKHLQDLSGRISRARH
1235,IAFPDEQAEALAVER
1236,SPAKEKRGWTLNSAGYLLGPHA
1237,ASSPGGVYATRSSAVRLR
1238,VSKGTLVQTKGTGASGSFK
1239,PDPAKSAPAPKKGSKKAV
1240,AKEQIQSLLHEMVH
1241,AIVEALNGKEVAAQVKAPLVLKD
1242,AGKGMHGGVPGGK
1243,DFLVYKLEAQETLNKG
1244,RNENKLLPKHPHLVRQ
1245,APAAASLSCLLGVPGGPRPQ
1246,RSAVPPGADKKAEAGAGSATE
1247,LKEFALTNPEKSSTKE
1248,KPSKPKTNMKHMAGAAAAGAVV
1249,LQKSLNILTAFQKKG
1250,LEDEPLETATKEN
1251,HRMLAPTGAVSTR
1252,ERMFLSFPTTKTYFPH
1253,KKKAKKAGATAGKRKA
1254,LSNLQKSQIQGK
1255,SGGGGGGGLGSGGSIR
1256,TDVIRAQLPVLLQSGR
1257,LHRALERLAASQSRTHE
1258,HRALERLAASQSRTH
1259,HNTWKAMEGIFIKPS
1260,KPKTNMKHMAGAAAAGAVVG
1261,KTETQEKNPLPSKETI
1262,PVYRQPPESLKLEAGDKKPDAK
1263,AATVGSLAGQPLQERAQ
1264,TRDGQVINETSQHHDDLE
1265,RGELQQLSGSQLHGK
1266,YHQVIQQMEQKKLQQ
1267,RFLFHYSKTQKLGK
1268,IIDPGDSDIIRSMPEQTGEK
1269,KADIEEIKSGRLSKE
1270,AGNRMLAQQAVKRTAH
1271,SLVSKGTLVQTKGTGASGSFK
1272,RGAPYNALTGKDSTRGVA
1273,TEFKANAEKTSGSNVKIVKVKKE
1274,KWGFTGQKTEEVK
1275,KPSKPKTNMKHMAGAAAAGAVV
1276,DRDDAQYSHLGGNWARNK
1277,RQTLGSLRGLAKAKPE
1278,YIKSTMGKPQRLY
1279,AQQMVQPQSPVAVSQSKPG
1280,YENIIALQENELKKKA
1281,YENIIALQENELKKK
1282,EMPMQTLVPAKVASKN
1283,DIAFPDEQAEALAVER
1284,ATPFLVVRHQLLKT
1285,INRKEEENAKQILQ
1286,VGPFAPGITEKAPEEKK
1287,GPGANFVSFVGQAGGGGPA
1288,VSWGLRAAAAGGAFPR
1289,DSNSRYSALNVQHQM
1290,SFTRGSDSLIKGKK
1291,KPSKPKTNMKHMAGAAAAGAVVGG
1292,IERGILAEMKPLPLHPPG
1293,KWGFTGQKTEEVKQDKDD
1294,EKLPGQGVHSQGQGPGANFVS
1295,REKLQAANAEDIKSG
1296,VSTVRAANSERVAKL
1297,KPKTNMKHMAGAAAAG
1298,KNAVSMTSSVLSSHSPG
1299,EHIMEHLEGVINKPE
1300,AKRTKKVGIVGKYGTRYG
1301,HPTHEWQALQPGQAVPAGSHV
1302,IKLGIKSLVSKGTLVQ
1303,LGKNFDFQKSDRINSE
1304,DQEHIMEHLEGVINKPEAE
1305,LHRALERLAASQSRT
1306,SDAEEDGGTVSQEEEDRKPK
1307,APGEDRFKPVVPWPHVE
1308,TDQAQKAEGAGDAK
1309,SEHPGLSIGDTAKK
1310,FSDEFKVETSNKVLDYD
1311,EQKIVVKVLKAQAQSQKAK
1312,ERMFLSFPTTKTYFPH
1313,DDAQYSHLGGNWARNK
1314,FHKTLILGKGKTLTNE
1315,SPHAFKTESGEETDL
1316,KPSKPKTNMKHMAGAAAAGAV
1317,GGTRLAQEAASKLTRAPD
1318,LQRYLQGSSVQLRSL
1319,KPKTNMKHMAGAAAAGA
1320,VRAATVGSLAGQPLQERAQ
1321,NFLSKQQASQVLVR
1322,GKNFDFQKSDRINS
1323,AATVGSLAGQPLQER
1324,RLSRGRPLAEESEQERLLG
1325,GTGASGSFKLNKKAASGEAKPKVK
1326,HNTWKAMEGIFIKPSVEPS
1327,KALAAGGYDVEKNNSRIKL
1328,THNTWKAMEGIFIKPSVEPS
1329,KKKARKSAGAAKRK
1330,KPKTNMKHMAGAAAAGAVVGGLG
1331,APKTSFIAAKGTQVVKIS
1332,SWGLRAAAAGGAFPR
1333,DQEHIMEHLEGVINKPE
1334,NGGQTRKLTASRTVSE
1335,EEEEITVQFGHYVASH
1336,EHQEALHQQRLQGHLLRQQEQ
1337,GPSQMALLPVTNIRAK
1338,APSPPALELARGSVAPAPG
1339,DNTKRFLFHYSKTQKLGKS
1340,TGEAWKLSSGHKLGGD
1341,VKKHLQDLSGRISRARHN
1342,DEKDNTKRFLFHYSKTQKLGKS
1343,YENIIALQENELKK
1344,RLSAKPAPPKPEPKPK
1345,LPKKTESHHKAKGK
1346,VQNIHPVESAKIEPPDT
1347,IHSQVTPLSSQSVVIHHG
1348,EDEAKAARARALARASGS
1349,EEEITVQFGHYVASH
1350,TLSKSDAKKAASKTL
1351,IHSQVTPLSSQSVVIHH
1352,ADAGKEGNNPAENGDAK
1353,GKNFDFQKSDRINSE
1354,TKAGSKGGNLRDKLDG
1355,ASKWDYEKNEWKK
1356,GLAKAKPEASFQVWNKDS
1357,QDESFTRGSDSLIKGKK
1358,NLKEFALTNPEKSSTKE
1359,KKTETQEKNPLPSKETI
1360,KEMPMQTLVPAKVASK
1361,EGEEPTVYSDEEEPKDESARKND
1362,AATVGSLAGQPLQERA
1363,HNTWKAMEGIFIKPSVEPSAGHDE
1364,DDEHGVASMVSVHVEHPQE
1365,SAKPAPPKPEPKPKKAPA
1366,HNTWKAMEGIFIKPSVE
1367,KVQNIHPVESAKIEPPD
1368,EITVQFGHYVASHQPR
1369,VQRTLMNLGGLAVARDDG
1370,AEPPKAPEQEQAAPGPAAGGEAPK
1371,KRGWTLNSAGYLLGPH
1372,SPPALELARGSVAPAPG
1373,VPTDGLAPLTATMAPER
1374,ARTKQTARKSTGGKAPRKQLA
1375,VFHPTHEWQALQPGQAVPAGSH
1376,AKIKARDLRGKKKEELLK
1377,HRALERLAASQSRTHE
1378,ARGSVAPAPGAKAKSLEG
1379,HPVTGQFLYQDSNWASKVEK
1380,NLQDESFTRGSDSLIKGKK
1381,QVTQPTVGMNFKTPRGPV
1382,HNTWKAMEGIFIKPSV
1383,VVHPLLQLVPHLHE
1384,NFLSKQQASQVLVRK
1385,NFLSKQQASQVLVRK
1386,DQEHIMEHLEGVINKPE
1387,DSNSRYSALNVQHQMLK
1388,QKADIEEIKSGRLSKE
1389,TPLPKKELLLPGNNRKVYELS
1390,SKGKVVEMQGVRTPT
1391,MVGMGQKDSYVGDEAQSK
1392,REKLQAANAEDIKSGK
1393,APAAPSPPALELARGSVAPAPG
1394,TQEKNTLPTKETIEQEKRSEIS
1395,VQNIHPVESAKIEPP
1396,KPKTNMKHMAGAAAAGAV
1397,GTGASGSFKLNKKAASGEAKPKAK
1398,HPTHEWQALQPGQAVPAGSH
1399,KEMPMQTLVPAKVASKN
1400,MALMASLDAEKAQGQK
1401,TEESPASDEAGEKEAK
1402,GGGGGGGLGSGGSIRSS
1403,KEMPMQTLVPAKVASK
1404,ADAGKEGNNPAENGDAKTDQAQK
1405,FKWGFTGQKTEEVKQDKD
1406,YHQVIQQMEQKKLQ
1407,KPSKPKTNMKHMAGAAAAGAVVG
1408,SDEFKVETSNKVLDYD
1409,KRFLFHYSKTQKLGKS
1410,EMPMQTLVPAKVASKN
1411,GPLPPFAVAQGAQLLIR
1412,RPDNAKPNRDLKLQAGS
1413,KPSELLKAEAHHAEL
1414,VASGFKHVVPNEVVVQR
1415,KPKTNMKHMAGAAAAGA
1416,AVDKKAAGAGKVTKSAQKAQKA
1417,KPKTNMKHMAGAAAAGAVV
1418,HQVIQQMEQKKLQQ
1419,SRSGGGGGGGLGSGGSIRSSY
1420,AAPAESAAPAAGEEPSKEEGEPK
1421,KTKVQNIHPVESAK
1422,PKTSFIAAKGTQVVK
1423,LKEFALTNPEKSSTK
1424,EVFHPTHEWQALQPGQAVPAGSH
1425,ADAGKEGNNPAENGDAK
1426,VPTDGLAPLTATMAPERA
1427,SAKPAPPKPEPKPK
1428,FREKLQAANAEDIKSGK
1429,SAAQKENAGEDPGLARQAPKPRKQ
1430,SPPESSFQKLAPSEYRY
1431,DEVKEMPMQTLVPAKVASK
1432,EEEEEITVQFGHYVASHQPR
1433,KPSKPKTNMKHMAGAAAAGAVVGG
1434,GEAWKLSSGHKLGGD
1435,HQVIQQMEQKKLQ
1436,EALHQQRLQGHLLRQQEQ
1437,KPKTNMKHMAGAAAAGAVVG
1438,EALHQQRLQGHLLRQQ
1439,IDKTKVQNIHPVESAKIE
1440,KEVVSAQPATFLARSPH
1441,TQEKNTLPTKETIEQEKRSE
1442,KPSKPKTNMKHMAGAAAAGAVVG
1443,SGGGGGGGLGSGGSIRSS
1444,LDAQLRQAAGGALQVVH
1445,IHSQVTPLSSQSVVIH
1446,MKREYRGQRSVKALAD
1447,APAAPSPPALELARGSVAPAPGA
1448,SPPESSFQKLAPSEYRYT
1449,DKTKVQNIHPVESAK
1450,VIKAVDKKAAGAGKVTKSAQKAQKA
1451,EEEEITVQFGHYVASHQ
1452,DEHGVASMVSVHVEHPQ
1453,EMPMQTLVPAKVASK
1454,APSPPALELARGSVAPAPGA
1455,TVETRDGQVINETSQHHDDLE
1456,LERMFLSFPTTKTYFPH
1457,LPKKELLLPGNNRKVYE
1458,RGELQQLSGSQLHGKS
1459,VARKSAPATGGVKKPHRYRPGTVAL
1460,AGAPAAPSPPALELARGSVAPAPGA
1461,AQSWKSQDTKTTQGNG
1462,MERIMKAQAYQTGKD
1463,HPPTHTISTIAATVTAPH
1464,KGKADAGKEGNNPAENGDAK
1465,RFLFHYSKTQKLGKS
1466,TETQEKNPLPSKETIEQEKQAGES
1467,FKWGFTGQKTEEVKQDK
1468,EEEEITVQFGHYVASHQPR
1469,KNQAWKSMKDTLGKPAA
1470,RKGAGDGSDEEVDGK
1471,RDDEHGVASMVSVHVEHPQ
1472,KVQNIHPVESAKIEPPDT
1473,KWGFTGQKTEEVKQD
1474,SRSGGGGGGGLGSGGSIRSS
1475,TNTKGKRRGTRYMFS
1476,KTSATVGPKAPSGGKKATQASQEY
1477,IDKTKVQNIHPVESAKIEPP
1478,KWGFTGQKTEEVKQDKD
1479,DDEHGVASMVSVHVEHPQ
1480,KWGFTGQKTEEVKQ
1481,NLKEFALTNPEKSSTK
1482,ARGSVAPAPGAKAKSLE
1483,RGSVAPAPGAKAKSLE
1484,SPPESSFQKLAPSEYR
1485,KVQNIHPVESAKIEPP
1486,VRESLFSLDGAGAHFPDR
1487,APPVVGGFNSNVGSKVLGLK
1488,DDEHGVASMVSVHVEHPQ
1489,APAAPSPPALELARGSVAPAPGAK
1490,AIIDPGDSDIIRSMPEQTGEK
1491,VVHPLLQLVPHLHER
1492,EHGVASMVSVHVEHPQ
1493,DEHGVASMVSVHVEHPQ
1494,KGPMFELLPGESNKIPR
1495,APKTSFIAAKGTQVVK
1496,GTRLAQEAASKLTRAPD
1497,RDDEHGVASMVSVHVEHPQE
1498,KTETQEKNTLPTKETIEQEKRSE
1499,HNTWKAMEGIFIKPSVE
1500,TGKRAAEDDEDDDVDTK
1501,IDKTKVQNIHPVESAK
1502,KWGFTGQKTEEVKQDK
1503,HSSTFDAGAGIALNDH
1504,GGGSSGGGSSSGGGYGGGSSSGGHK
1505,HPGAWLPLLSNGPH
1506,ALKRQGRTLY
1507,AQSMETLPPGKVRWPD
1508,DKAPVQPQQSPAAAPG
1509,KHFAFKMASGAANVVGPK
1510,VVEKTAAARLPPSVS
1511,VTNPNARLRSEENE
1512,ALRTLRSPATAVPR
1513,IDKTKVQNIHPVESAKIEPP
1514,TPGLITLPRLLASTRPA
1515,YSSIKEMKPPLR
1516,SEYRPKIKGEHPGLSIGDVAKK
1517,GEAWKLSSGHKLGGDE
1518,LAGEFIRASGVEARQAL
1519,NRVHIQSSQTVESSG
1520,VTYVPVTTFKNLQTVNVDEN
1521,RNKVSQEQSKPPGPSGAST
1522,HRGFSGLDGAKGDAGP
1523,SNLFDKVSPVVSHK
1524,HPSPLSFFSAGPATVAA
1525,LEDMVEKTIN
1526,KPKVEQLSNMIVRS
1527,LEQQNKVLDT
1528,SQEEEEAQAK
1529,SIAGMVSVLGYK
1530,EAQGALANIAVDKANL
1531,GPPAYHETLAGGAAAPY
1532,HRALFRLSPTASRS
1533,DPPPVAPSRLLPLKPVQAATPS
1534,NYKPPPQKSLKEL
1535,EFGRFASFEAQGALAN
1536,SGSEYVPAGPQRSES
1537,MINAVSNGQVR
1538,VASWLAGGGRGAVR
1539,FSLMASRARKERKSKNS
1540,APGEDRFKPVVPWPH
1541,SDQVPDTESETR
1542,LQEQGTKTV
1543,SIIWAMMQNKKTFT
1544,RDDEHGVASMVSVHVEHPQE
1545,RGELQQLSGSQLHG
1546,KAKKAAGAKKAV
1547,VHDQEHIMEHLEGVINKPEAE
1548,RKAASQPTSLAPEK
1549,HQQRLQGHLLRQQE
1550,KKRKFSKEEPVSSGPE
1551,YTSGPGSRISSSSF
1552,GTDNEVAALQPPVVQLHDSNPYPR
1553,LFKRELQPSEEVTWK
1554,SALRPSTSRSLY
1555,YVGNEAQSKRGILT
1556,TGAAPIIDVVR
1557,AIIDPGDSDIIRSMPEQTGEK
1558,YVGDEAQSKRGILT
1559,HPPPPPFQNQQRPPRRGHR
1560,SSHKTFRIKRFLA
1561,MRKAGIFQSVK
1562,QPPRQVILTLQPTLVAVG
1563,DIKMLNKPKDKVSLIKDE
1564,TNMKHMAGAAAAGAVV
1565,DSAPGTDLAK
1566,KAKVAKPKKAAKSAAKAVKPK
1567,GQKDSYVGDEAQSK
1568,FIKTKAEEKVE
1569,NFVNMRSIQENGE
1570,NGGQTRKLTASRTVSE
1571,EEERQTQRSKPQPAVPPRPSADLI
1572,KKELLLPGNNRKVYE
1573,HPARSIVPQGGSHSLR
1574,GKGMHGGVPGGKQF
1575,KGKVVEMQGVRTPT
1576,TNMKHMAGAAAAGA
1577,LGRDFTVLAGARGSPSPS
1578,FSDKRTTTTRVGS
1579,VRPPVPLPAPSHPASTNEPIVLED
1580,ELAKDMPSLK
1581,LEQQNKVLDTK
1582,TTSTRTYSLGSA
1583,KQAKEMDEEDKAF
1584,PGAKAKSLE
1585,GPQRSLSALHGAGGSAGPPA
1586,DYNIQKESTLHL
1587,SYKHLKHERLRKYH
1588,YSLGSSFGSGAGSSSFSRTSSS
1589,TKAVAASKERNGL
1590,LNTMDADSLVSR
1591,EKFDKSKLK
1592,ETQEKNPLPSKETIEQEKQAGES
1593,VPADEAQARIPYA
1594,PAKSAPAPK
1595,GLDEEDEDEDEDEEEEEGGK
1596,FKKYEMMKEHE
1597,LKQFEHLDPQNQH
1598,AVAASKERSGV
1599,VKEMPMQTLVPAKVASKN
1600,KETLEQQK
1601,KETIQQEK
1602,AGYDVEKNNSRIKLGIK
1603,AAPRPLPAGGRLT
1604,KETIEQEK
1605,SVVPSPKVSDTVVEPYN
1606,HYRGPAGDATVASEKESVM
1607,FADKLNEQKL
1608,RDQYEKMAEK
1609,KVKTPQPKKAAKSPA
1610,IPKQEKALM
1611,EDLPAENGETK
1612,KAAWGKVGAHAGEY
1613,ESAGARVVPVR
1614,NYKPPPQKSLK
1615,EAARLSAQDPVVAVAEDG
1616,SKKVISSANRAVVG
1617,SPGPQRSLSALHGAGGSAG
1618,YTSGPGSRISSSS
1619,KFYVGHDP
1620,IEQEKQAGES
1621,PVTVTRTTITTTTTSSSG
1622,SGQQYNGERGISVPDHG
1623,KVGENADSQIK
1624,ALAAAGYDVEKN
1625,LHGQFSQAVTPLAHHHTD
1626,MRYFYTAVSRPGRGQPR
1627,ADGAEAKPAE
1628,MRYFYTAVSRPGRGEPR
1629,EGADNQGAGEQGRPV
1630,SNSRYSALNVQHQM
1631,SVYWKVPKTR
1632,MVGMGQKDSY
1633,RTQEREQIK
1634,FKVETSNKVLDYD
1635,RTEEREQIK
1636,AEKEKEKIEREKEEL
1637,SVVHPLLQLVPHLHER
1638,SELKFIKNAVAGVR
1639,RPEQEELVMVGTNHVEYR
1640,FPSAHITATRSTPVSRT
1641,EEFKKYEMMKEHERRE
1642,QIIQEKRGY
1643,HPDTGISSK
1644,MVKSNKSRLDQKSEGGKQLE
1645,SAGPPPTGEEDTAEKDE
1646,ANMERIMKAQALRDN
1647,DREEIAHNMQ
1648,SQEQSKPPGPSGAST
1649,KVARKSAPATGGVKKPHRYRPGTV
1650,AQQMVQPQSPVAVSQSKP
1651,TKRFLFHYSKTQKLGKS
1652,EDPQGDAAQK
1653,APGHLMRCQGMGVG
1654,QQRLAVQQVEEAQQ
1655,ALTNGIYPHKLVF
1656,ITKAVAASKERSGV
1657,GREFGNLTRMRHVIS
1658,KHFAFKMASGAANVVG
1659,SSMRGHTKGVL
1660,ELPQLVTLPHPNLHGPE
1661,IAGLKPANPPVLPAPQ
1662,PGANFVSFVGQAGGGGPA
1663,TPLLSAAGPVAAPREA
1664,VQRLTYRRRLS
1665,WAVVAAFTK
1666,AARLSAQDPVVAVAED
1667,IPVINPTLPQNFYEKPA
1668,SLANTQPRGPPASSPAPAPK
1669,YIPPKGETKKKF
1670,RPRWRPLGAQPPRDPQ
1671,IELAKDMPSLK
1672,GIIGAKHSHLG
1673,AERNRRDAEEWF
1674,FSNKITPIQSKEAY
1675,LVPHLHERR
1676,TDKDTGKPKGEATV
1677,KIDDIRKPGESEE
1678,LQIIQEKRGY
1679,TRALRRLQPGSVAPG
1680,PVTVTRTTITTTT
1681,NPDESSKPNMI
1682,VLLPKKTESHHKTK
1683,SETAPAAPAAPAPAEKTPV
1684,EEHGFRRTTPPTTATPI
1685,VGGIKEDTEEH
1686,QFGHYVASHQPRGHK
1687,DAGKEGNNPAENGDAK
1688,IIGGRESRPHSRPY
1689,KALAAGGYDVEK
1690,LTRALRRLQPGSVAPG
1691,VEPLGMENGNIANSQ
1692,MVGMGQKDSY
1693,TEQALAKAGKGM
1694,LPKPPKPVSKMRMATPLLMQA
1695,SGEAKPKAK
1696,AVVGVVAGGGR
1697,AAWGKVGAHAGEYGAEALER
1698,QKKVEELEGEITT
1699,IPGYIVDDSVRVEQVV
1700,SKGTLVQTKGTGASG
1701,NLQIDPSIQRV
1702,SSAEGAAKEEKP
1703,VPAPAVRILTPEVRLG
1704,VSNSEKDIMAEIYKNGPVE
1705,LFTRKNPYR
1706,RMFLSFPTTKTYFPH
1707,GPGAEPEQKEQSTGQKRPLKNDEL
1708,HINEGKLWK
1709,FKNKVPEKQKLF
1710,AAGGYDVEKNNSRI
1711,DPNAPKRPPS
1712,SRSGGGGGGGLGSGGSIRSSYS
1713,SLGLVSLGGKATTA
1714,AKDVKFGADARA
1715,QDDGPQQRPPKPGGHHRHPPPPPF
1716,SAPKPQTSPSPK
1717,FIRASGVEARQ
1718,LQPEILRVEPPLAPAPRP
1719,FVTAAQTSGLPSSVR
1720,IEKTNEERKTL
1721,AVAASKERNGLSLA
1722,DIPAMLPAARLPTT
1723,HSSYVHLRPARPT
1724,VASFPKKQE
1725,ENLKEEPMESGKEKAT
1726,EPDPQHPGAWLPLLSNGPH
1727,GLDEEDEDEDEDEEEEEGGKGEK
1728,GMHGGVPGGKQF
1729,TKTRYEDVNPVLLSGPE
1730,KGMHGGVPGGKQ
1731,YVGNEAQSK
1732,SSHNFESMSPAKPVQHH
1733,GNQDTSSQLK
1734,VQTKGTGASGSF
1735,AQTAAATAPRIKKFA
1736,YVGDEAQSK
1737,SSVVHPLLQLVPHLHERRM
1738,AGKHVPRAVFVD
1739,HSSYSVGRAAGLLS
1740,IVYKIRAADKRSK
1741,SSDPGAEEREEL
1742,LVVRHQLLKT
1743,RAKVLAAEGEMNA
1744,KPHRYRPGTV
1745,TEAPLNPKANREKM
1746,TQAPLNPKANREKM
1747,IGGRESRPHSRPY
1748,VVAPFMANIPLLLYPQDG
1749,SGQHWEREAAVRFQHVG
1750,MDKKLLAVPAANTVR
1751,LATISTLEAVRGRPF
1752,PEPAKSAPAP
1753,QNQQRPPRRGHRQL
1754,LLSGNAQETR
1755,GGIKEDTEEH
1756,FHYSKTQKLG
1757,NFVNMRSIQENGEL
1758,KSNVVSSVVHPLLQ
1759,TKAGSKGGNLRDKLDGNELD
1760,VRKIYTNVKID
1761,APHHSSYVHLRPARPT
1762,MMGLKMLRPNTATFG
1763,RGPFKDVASVRVAVQ
1764,EGAMSAQLGYPVVGWH
1765,GIHFSQQDDHKLYSQ
1766,SRDQKKTQEQL
1767,RALFRLSPTASR
1768,VFHPTHEWQALQPGQAVPAG
1769,LVKYREANGLPIMES
1770,VDDRFETLEPEVSHE
1771,FSAYIKNSNPALNDN
1772,KAVKPKAAKPKVV
1773,LLADQAEAR
1774,LNQSHRTLK
1775,LHRALQAQRGAGLAPV
1776,LEQQNKVLETKW
1777,GGVYATRSSAVRLR
1778,QPPRQVILTLQPTLVAVGKS
1779,LVPHLHERRM
1780,EENPYARFENN
1781,QVHRIESSNAESAAPS
1782,SKPKTNMKHMAGAAAAG
1783,AAAGYDVEK
1784,ALKRQGRTLYG
1785,AILPSRQKIY
1786,DQEHIMEHLEGVINKPEAE
1787,GAVDAPAPDEPEGGDGAAP
1788,NKPSKPKTNMKHMAGAAAAGAVVG
1789,AGFAGDDAPRAVFPSIVGRPRHQGV
1790,KGERVQNEEVGPEHDSQETK
1791,EAMAERNRRDAEEWF
1792,KAKEDFLVYKLEAQETLNKGRQ
1793,VEEAKNRAEQWNVN
1794,RELLREETGAALKPR
1795,AEPNYHSLPSARTDEQ
1796,LELKPSSPLILKGRN
1797,EDLPAENGETK
1798,HDYVFRLSGALIKG
1799,VISAEKAYHEQ
1800,KPPKPVSKMRMATPLLMQ
1801,YTVTRAEARNRQRKLGTKLQ
1802,GSVLRAQRGAGAG
1803,HPTHEWQALQPGQAVPAGS
1804,KPSRMVSRAPGHLMR
1805,PSRMVSRAPGHLMR
1806,HVDSGKSTTTGHLIY
1807,AGGALQVVHSRQLR
1808,EEKNRVHIQSSQTVESSGLYT
1809,IAQGIGKLASVPAGGA
1810,TIHLHPQFPVVIEKTSPP
1811,KWGFTGQKTEEVKQD
1812,MEKAQLKPPATSDA
1813,LAGNRMLAQQAVKRTAH
1814,YTLPRQATPGVPAQQSPSM
1815,ARPREEVVQKEQE
1816,AAAGYDVEKNNSRIKLGIK
1817,YTVKKHLQDLSGRISRARHNEL
1818,LEQQNKVLET
1819,HLNLSGNKLK
1820,ADANNQTTEPQLK
1821,MNEKLKKFF
1822,FSITRAAPGAR
1823,EDSPKRPKEAENPEGEEKEAA
1824,HGGVPGGKQF
1825,GTKTRYEDVNPVLLSGPE
1826,GPLQLRALRQQDLPS
1827,YIADKKDVYE
1828,AAEAEASREARAKVIA
1829,QVHPDTGISSK
1830,HEWKKLIM
1831,SQEQSKPPGPSGA
1832,MNHVAKQQSEEAFPQ
1833,MFGGPGTASRP
1834,SYVGNEAQSK
1835,MGQMAMGGAMGINNRG
1836,TATMAPERAVTSGPG
1837,SYVGDEAQSK
1838,KKHLQDLSGRISRAR
1839,AAGYDVEKNNSRI
1840,KKTETQEKNPLPS
1841,RDGQVINETSQH
1842,FTRKNPYR
1843,NKIYVVDLSNERAMSLTIEPRPV
1844,LQERKAEALAQIS
1845,RLSAKPPAKV
1846,SAGARVVPVRLD
1847,VAQVRFVTGNKILR
1848,KVLLVPGPEKEN
1849,TQGLRQLRNAAGDT
1850,NHEEEMKEF
1851,LKQAPLVH
1852,KLKTEQGGAHF
1853,GNSKLRHVGSNLCLDSR
1854,TEAPLNPKANREKMTQI
1855,VVDNGSGMCK
1856,TQAPLNPKANREKMTQI
1857,DIDKTKVQNIHPVESAKIEPP
1858,TAFQKKGAEKEEL
1859,DIDKTKVQNIHPVESAK
1860,QKPWSQHYHQGYY
1861,GYIEALAANAGTG
1862,LSHQNLKEFA
1863,ALQPGQAVPAGSH
1864,YLTWSAMSNEPDR
1865,WKSGGASHSELIHNLR
1866,VINETSQH
1867,NAGAVLNFK
1868,HQQRLQGHLLRQQ
1869,ELNHQKQLESNKIPE
1870,DYKGEVEKH
1871,GRSPRSCWASVGSWEISTAVQ
1872,KKTETQEKNPLPSKET
1873,MKASGTLREYK
1874,HHDEEKDVI
1875,VTYVPVTTFKNLQTVNVDEN
1876,EGNNPAENGDAK
1877,IVAGLEKMPARRASLS
1878,DEVKEMPMQTLVPAKVASKNV
1879,TSSSSATLPLMMK
1880,THNTWKAMEGIFIKPS
1881,SSEDMDHGVL
1882,NLVNNLRKEKSKVAK
1883,TKEFQVLKSLG
1884,GGVKKPHRYRPGTVAL
1885,VDTHSKRTLL
1886,ASSRGGGAFSGGEDA
1887,LLEPYKPPSAQ
1888,AYEKRVLITK
1889,VGVFKNGRVEIIANDQG
1890,QLSRRVRRNRNVNPV
1891,ATGGVKKPHRYRPGTV
1892,AIVFGVALRK
1893,SLATKALPAVETQAPT
1894,FPTIYFSPANKKLNPK
1895,GFELGQLQSIRSEG
1896,TLGKIAEK
1897,LVKYREANGLPIME
1898,IVLYFKLRSKKTPAVKAT
1899,LSEKEINAREESL
1900,SSGSDESASRSAL
1901,FLNQSHRTLK
1902,LLGGTRTPINDAS
1903,VKKHLQDLSGRIS
1904,SDISIPEYK
1905,LENDRQQTH
1906,EQQNKVLDTK
1907,KSSKGGPGSAV
1908,HATNYRIVAPRSR
1909,SGSFKLNKKAA
1910,DDEEAGGRPA
1911,LGNTISSLFGGGTTPDAK
1912,NIHPVESAKIEPPD
1913,LHTKGALPLDT
1914,NNASTDYDLSDK
1915,EFKVETSNKVLDYD
1916,LSNYQTNKAKHDELT
1917,SDLLKFMEPVTMQE
1918,TPAALRTLRSPATAVP
1919,QNALGRGKVVPLWHPAH
1920,AAKPSVPKVPK
1921,RAEEREQI
1922,VAIDAGHESFL
1923,RAQEREQI
1924,VNNPFLPQASRLQA
1925,NIIALQENELKKKA
1926,ESDLAQQYGVRGYPT
1927,APPLLDAEPARGAGGR
1928,KPPKPVSKMRMATPLLM
1929,SPASSFHVLRSLPLSSK
1930,EHPGLSIGDTAK
1931,FELLPGESNK
1932,NKPSKPKTNMKHMAGAAAAGAVVG
1933,ERMQRFAQQHQARQAAS
1934,SLWEQKGGSKTSS
1935,YASGRTTGIVMDSGD
1936,KTKVQNIHPVESAKIE
1937,AERNRRDAEEWF
1938,KGTLVQTK
1939,EDPQGDAAQKT
1940,PEPAKSAPAPKKGSKKAV
1941,ARTKQTARKST
1942,RGGDISKIAPRTVYTK
1943,SSPGGVYATRSSAVR
1944,EKDYEILFK
1945,LMHPDALEEPDDQNRI
1946,IKQHNEDILEYKRRNGLE
1947,TKSPAKPKAV
1948,KKAAPTEALSMTAQPGPGHGKK
1949,AVTAMKSRP
1950,HPDLQGQPAEEIFE
1951,APAPAEKTPV
1952,GHPDLQGQPAEEIFES
1953,LLPKKTESHH
1954,SLGSALRPSTS
1955,VDKVGESNNMV
1956,LEPKYKELGEKLSKDPN
1957,RNKVSQEQSKPPGPSGA
1958,AVKPKAAKPKVVKPK
1959,RSLEPLPSSGPDFGGLGEEAE
1960,PGPTPSGTNVGSSGRSPSK
1961,AAKGTQVVK
1962,IAASYVKYLE
1963,LEQQNKVLETK
1964,NLKEFALTNPEKSST
1965,NPALVHQRPAPPST
1966,DPALVHQRPAPPST
1967,REQLEEEEEAK
1968,KSVLLELQQHLVS
1969,ENQDIRLLQAQLQAQ
1970,GIIYIHLRKRE
1971,DNEVAALQPPVVQLHD
1972,SVVHPLLQLVPHLHERRM
1973,LSAAHDILSHKRT
1974,AASLSCLLGVPGGPRP
1975,VHPDTGISSK
1976,DRPARHPQEQPL
1977,GHITFQTAATVKIPT
1978,VVRHQLLKT
1979,LSRSGGGGGGGLGSGGSIR
1980,AASSSSLEK
1981,VYYLAGRDLSRLPQ
1982,SSLLEKGLDGAKKAV
1983,QVANPNSAIFGGARPREEVVQKEQE
1984,MPMQTLVPAKVASKN
1985,LGQLQSIRSEGTT
1986,FKKYEMMKEHERR
1987,EFKKYEMMKEHERR
1988,LHQHILTQHGYTVVIAE
1989,SDLQAQSKGNPEQTPV
1990,GTHRVKLVPGYAGLQR
1991,SRSGGGGGGGLGSGGSIRSSYSR
1992,EVIRERKEREEWAKK
1993,TVHAITATQKTVDGPSGKLWR
1994,LTYCFNKPEDK
1995,SRPYAVLRGQNLVLM
1996,LEKDYEEVGVDSVEGEGEEEGEEY
1997,IWDKIKNLFSRQGSKDPA
1998,LEDMVEKT
1999,LAGEFIRASGVEARQA
2000,LGKNFDFQKSDRINSETN
2001,SAGSVSPR
2002,SIQTEEKIHGK
2003,GQKKVEELEGEITT
2004,VAREMALQRQAELEEGRPQ
2005,THEWQALQPGQAVPAG
2006,AEKGVRTLTAAAVSGAQP
2007,HGKKLNFSESHLVIIT
2008,EPGLCTWQSLRSQIA
2009,KIIAPPERKY
2010,NELRVAPEEHPV
2011,MANIPLLLYPQDG
2012,NKELDPIQKL
2013,RETVENLPPLPLDPV
2014,ARKGAGDGSDEEVDGK
2015,YSNRVVDLMAHMASKE
2016,AAPPAEKAPVKK
2017,DIDKTKVQNIHPVESAKIEPPD
2018,AAQKENAGEDPGLARQAPKPRKQ
2019,APRDGVIIGLNPLPDVQ
2020,DKEKQWSRDEL
2021,AVSPETELTGHV
2022,KTPKKAKKPA
2023,YDVEKNNSRIK
2024,DDHDPVDKI
2025,SPLWTSIGASTGSPLPE
2026,KNRVHIQSSQTVESSG
2027,QTKGTGASGSFKLNKKAA
2028,VLQKYHTINGHNAEVR
2029,FKRELQPSEEVT
2030,QRAFGPAGKVVVA
2031,IDKELIDHSPKATPDN
2032,KEENPYARFENN
2033,RRVVGQLDPQRLWS
2034,ALASFEVEKTKK
2035,VEVKRPRGVS
2036,VLPKPRMRGLLA
2037,AVKPKAAKPKVV
2038,GPGANFVSFVGQAGGGGPAGQQLPQ
2039,KDLWQKRQKQVK
2040,VPPLQAARPAPPEPP
2041,VEVAEESGRLWS
2042,RAVTQLGRPDAEY
2043,RAVTELGRPDAQY
2044,RAVTELGRPNAEY
2045,RAVTELGRPDAEY
2046,ALAAGGYDVEKN
2047,FAGDDAPR
2048,DQAQKAEGAGDAK
2049,IDDIRKPGESEE
2050,PVRQPRHTAAPTDPADGPV
2051,ARKGAGDGSDEEVDGK
2052,KDDVILNEPSADAPAA
2053,ALNSQKKYFG
2054,AGGYDVEK
2055,VALAKGEVTEM
2056,KPPKVSLMPATLARA
2057,LGSLLPVK
2058,VQSQLTATSASEALH
2059,LPVPAFNVINGGSH
2060,RPQYLGLRPAAAG
2061,KVSTSGPRAFSS
2062,VKAAWGKVGAHAGEY
2063,FGRFASFEAQGALAN
2064,LEQQNKVL
2065,AQAAAAAISVGSGGAGLGAH
2066,IAKVEKLKPLEVELR
2067,AARLSAQDPVVAVAE
2068,SDISIPEYKELL
2069,ALAAAGYDVEKNNSRI
2070,ATPLLSAAGPVAAPREA
2071,NRFGAGAGGGY
2072,SAAKAVKPKAAKPKVV
2073,KGTVVAEKDRPHEGTRPV
2074,AGGSAALSPSKKRKNSKKKNQPGKY
2075,EKGYVTPVK
2076,KDVDGAYMTK
2077,EGGNLEAK
2078,RVMFKITARA
2079,GGPGTASRPSSS
2080,IHSLPPEGKLGIMEL
2081,AQSWKSQDTKTTQGNGG
2082,EKEDSDEVH
2083,HSGFVGQPAVSGNQA
2084,SFGFQRLRSPDGPA
2085,IPKQEKALMK
2086,KPKTNMKHMAGAAAAGAVVG
2087,FLVERAGRRT
2088,DSLAIERKIK
2089,QTKGTGASGSF
2090,KTEAPAAPAAQET
2091,STGGKAPRKQLA
2092,EPNYHSLPSARTDEQ
2093,GKGAWGKENVRKTEE
2094,APRSVDWREKG
2095,EVTYANLRPFEAVG
2096,SPHAFKTESGEET
2097,GSALRPSTSRSLY
2098,RPEIAGLKPANPPV
2099,GLEDEQKMLT
2100,YTVKKHLQDLSGRISRARHNEL
2101,AKLVQDVANNTN
2102,AVPKTGDEKDVSV
2103,RAPSIHGGSGGRGVSVSSA
2104,FHYSKTQKLGKSN
2105,EKFDKSKLKK
2106,VLLPKKTESHKPGKNK
2107,KAKAVKPK
2108,NEFSILKSPGSVVF
2109,MVGMGQKDSY
2110,LSHVVSGPAAASAGS
2111,APAPDEPEGGDGAAP
2112,LTERLKVLEAKMTM
2113,HKQKYLQLQQEK
2114,LRDEGLRLR
2115,SPLWTSIGASTGSPLPEPT
2116,ASAPFEVAEGENVHLS
2117,NIIPASTGAAKA
2118,ARTKQTARKSTGGKAPRKQLA
2119,TLPPNDHVNSNN
2120,GLAYRLTPGVHELPV
2121,SAKPAPPKPEPKPRKT
2122,ADAGKEGNNPAENGDAKTDQAQK
2123,ETIEQEKQAGES
2124,MRPEIAGLKPANPPV
2125,AQSWKSQDTKTTQGNGG
2126,NIIPASTGAAKAVG
2127,QTKGTGASGSFKLNKK
2128,HSSYVHLRPARPTS
2129,VATDLDTGRPSTTVR
2130,EDDQRPVCL
2131,MHGGVPGGKQF
2132,VHVLRHIGGPESEPPQ
2133,PPPRPVYTNHWAVQVLGGPA
2134,SNQVVGQVNVEMDATPGIDLTRV
2135,GGFGGGSFRGSYGSS
2136,AAGAGAAKRKATGPPVSELITK
2137,NLELSKFRMPQPSSGRESPRH
2138,EYHAKATEHL
2139,FQRDRPARHPQEQPLW
2140,AAHRYSREANAPGPVPG
2141,SQDDRDKFLGRVMFKITARA
2142,QRDRPARHPQEQP
2143,KDLTPITPSSGFS
2144,AKTFDQLTPEESKER
2145,PDPAKSAPAP
2146,LGGHDDLHDDLQ
2147,DQEHIMEHLEGVINKPEA
2148,MFRRLTFAQL
2149,DQEHIMEHLEGVINKPEA
2150,TYIPPKGETKK
2151,SMDNNRNLDLDSI
2152,APRGDVTAEEAAGASPA
2153,RITYVVHPGPGLAA
2154,VGVEYRPVVAELAASPPG
2155,FVTVSGSPTEKE
2156,SVEIENPETSDQ
2157,MKKNHEEEMKEF
2158,SAGAAKRKASGPPVSELI
2159,KTETQEKNPLPSKET
2160,LREPVRAPAVAVAPTPV
2161,TAENFRALSTGEKG
2162,LEDMVEKT
2163,EDTEEHHL
2164,SKKAGGKKGARKSKKKQGEVSK
2165,TTAEGMAK
2166,KEEIQDEEDDDDY
2167,EDFLVYKLEAQETLNKG
2168,LEDMVEKTIN
2169,GGSVSGSSSSKI
2170,KKTFFLGDGQKLKDWHD
2171,GQHWEREAAVRFQHVG
2172,APRKGWTLMHPGRLTH
2173,ELNKEVSTN
2174,VQWHPEKAPYE
2175,TGASGSFK
2176,QSQGSQAGGSQTLK
2177,SPKQEVWLANGAAESRGLR
2178,VPLRAWLAGRPERAPY
2179,SASGAQKGRTQGGSQSSY
2180,GPDGRLLRGYNQFAYDGK
2181,QTQLRKAEAVALKYQ
2182,MANIPLLLYPQDGPR
2183,NLGGSKRI
2184,KEKYEKDIA
2185,IQTAVRLLLPGELAKHA
2186,ARETVENLPPLPLDPVL
2187,IKTQEKAPV
2188,VIYVPLTDKEKQWSRDEL
2189,NRFGAGAGGGYGF
2190,LEAPSVREQPLPR
2191,RRLGERNGSSLAK
2192,FQRDRPARHPQEQP
2193,AEQLEQTK
2194,DSSAARNGLLT
2195,SSPGGVYATRSSAVRLR
2196,MVGLANLHAMGIAPPK
2197,FLYQDSNWASK
2198,TDAPQPDVK
2199,QLGGPEAAKSDETAAK
2200,DHPPLPQTSSSTPSNT
2201,SSAGTGTTEDTEAKKRKRAERFG
2202,RTQEREQIK
2203,KNLLHSLQSSGIGSKAG
2204,TVMGLKRAHQH
2205,RTEEREQIK
2206,KKKKFSFKKPFKLSG
2207,TEAPLNPKANREK
2208,TQAPLNPKANREK
2209,FVILRKNPNYDL
2210,GDHMVMLSVIPGEAE
2211,LPRPPGDSGN
2212,KAAWGKVGAHAGE
2213,KGAGDGSDEEVDGK
2214,TGHGKYEKV
2215,QIKQDSSTGSYSINFVQNPNNNR
2216,TDVIRAQLPVLLQSG
2217,REIENKAIQDPR
2218,SLPHRRPHF
2219,TAALTAVRPSRVA
2220,VQLEVVASPASRLLLD
2221,VAISSLTYLPR
2222,VIKVFNDMKVRKSSTPE
2223,ATLKDITRRLK
2224,DRPARHPQEQP
2225,LVTYVPVTTFKNLQTVNVDEN
2226,AAVAIKAMAK
2227,NLQIDPSIQRVRTEEREQIKTL
2228,TKRFLFHYSKTQKLGKSN
2229,LTWSAMSNEPDR
2230,YETIDKELIDHSPKATPDN
2231,GYDVEKNNSRIKL
2232,GPGANFVSFVGQAGGGGPAG
2233,WTSIGASTGSPLPE
2234,RTITMHKDSTGHVG
2235,YRNYDVMKD
2236,EQKRRLEA
2237,EEKRRLEA
2238,SLVNLGGSK
2239,FTRGSDSLIKGKK
2240,NPEPWNKLGPNDQ
2241,VAGTPAAPPKAVLK
2242,DNQTKKPETY
2243,EKNNSRIKL
2244,EDPQGDAAQKTDTSH
2245,ESVGKGAVHDVKD
2246,AVTFNGLTPNQMHVM
2247,ALFRLSPTASRS
2248,VGVFKNGRVEIIAN
2249,GLAKAKPEASFQ
2250,FLLLPGPSAADEK
2251,ITVQFGHYVAS
2252,DKAPFRGLPPVDFVPP
2253,YHPHPFAQ
2254,ARRLLAAAATRGLPA
2255,SEDGAVDAPAPDEPEGGDGAAP
2256,AFVDMVARPS
2257,QETQAQRQV
2258,VRSKIDRLETTLAGIK
2259,LARGSVAPAPGAKAKSLE
2260,ASILAAFSKATS
2261,MRNLKLFR
2262,LPRAQEGLRPGT
2263,NRSRTEAESWY
2264,REKGYVTPVK
2265,KMGEGRQQRRAPVGKLLLLPGR
2266,TVKKHLQDLSGRISRAR
2267,VDKVIQAQTAFSANPANPA
2268,YLKGAQGRRF
2269,FKKYEMMKEHER
2270,GGPGTASRPS
2271,GDEDEEAESATGK
2272,VARTRVPAKKLE
2273,SGGPTAPK
2274,NFLHVDPRKSN
2275,RFLEQQNK
2276,DVDEYVKLGHEEQ
2277,NNLRKEKSKV
2278,SAASVYAGAGGSGSRIS
2279,LMVAKEARNVTMETE
2280,LRRVLSGQDDEEQGLTAQ
2281,TQEREQIK
2282,GLVVTDLKAESVVLEH
2283,FQVLKSLGK
2284,TEEREQIK
2285,YCFNKPEDK
2286,TETQEKNPLPS
2287,KKHLQDLSGRISRA
2288,GQKKVEELEGEITTLN
2289,MVQPQSPVAVSQSKPG
2290,TGGVKKPHRYRPGTVA
2291,LTEQALAK
2292,DNEVDKVK
2293,EEELVKVREK
2294,SGSFKLNKKAASGEAKPKAK
2295,KKSATLLPSFTVTPT
2296,VGAHAGEYGAEALERM
2297,SDDMKTHKNPALK
2298,SGSTGQWH
2299,GKVKVGVNGFG
2300,RDGQVINETSQH
2301,KSAPVPK
2302,KQVHPDTGI
2303,NFVNMRSIQENG
2304,SLKPSEAPELDEDEGF
2305,KPPKPVSKMRMATPLLMQA
2306,ADAAPDEK
2307,SNSLKKLVPFQLPG
2308,FEKSKEQLTPL
2309,GDTRPRFLWQ
2310,DNETKERQAA
2311,TPQRKVFRSLK
2312,ASNDMYHSRALQVVRAR
2313,SGSSEEQGGSSRA
2314,KVAKSPK
2315,AEIEKFDK
2316,RLQALKTMKQH
2317,DPQRTVISWRGAVIEPE
2318,VPAPGVPHSDVG
2319,TLSDYNIQKESTLH
2320,DGVGGDPAVALPHRRFEYK
2321,LLALYKGKKERPRS
2322,SPLLQPLPPSKAAEE
2323,TLAARFMDGHITFQ
2324,EEKNRVHIQSSQTVESSGLY
2325,KDMPSLK
2326,AGYDVEKN
2327,VYVYKVLK
2328,GQGVHHAASQVGKEED
2329,APSGEIKNEGAPAVQG
2330,EDGAVDAPAPDEPEGGDGAAP
2331,IFVKTLTGKTIT
2332,EVQVFAPANALPARSEA
2333,QEMEGTVKSKY
2334,VRAATVGSLAGQPLQERAQAWGE
2335,QVTQPTVGMNFKTPRGPV
2336,TSAYSSLLTFHLSTPR
2337,EESTLTKLGNTIS
2338,VGVFKNGRVEIIA
2339,EEHKKKHPDSSVNF
2340,TMSAKEKSKF
2341,LTPEEEEILNK
2342,ESVVAQEGSPILR
2343,AGGQVYPGEASRVSVA
2344,FPAIHKSIAIGSQPV
2345,IHGLWPDK
2346,RAVVVKKIETRDGK
2347,SHTDIKVPDFSEYRRLE
2348,GDHMVMLSVIPGEA
2349,EPPAPAQQLQPQPVAVQ
2350,LHQQRLQGHLLRQQ
2351,ARETVENLPPLPLDPV
2352,GRVHRLLRK
2353,NKPSKPKTNMKHMAGAAAAGAVVGG
2354,AVPGGQRPDNAKPNRDLKLQAGSDL
2355,KAKKAAGAKKAVK
2356,GTGASGSFK
2357,ELKSYLSRQK
2358,AGEVFIHK
2359,NLGGSKRISI
2360,KASGPPVSEL
2361,TKGTSSFGKRRNKTHTLCR
2362,EITVQFGHYVAS
2363,RAEYSPCRGNTLSR
2364,KTSATVGPKAPSGGKKAT
2365,VQALDDTERGSGGFGSTGKN
2366,NNLRKEKSKVAK
2367,SLVSKGTLVQT
2368,TTGVRRLLPLPLTTV
2369,VQLEVVASPASRLL
2370,TMQNLNDRLASY
2371,VGVDSVEGEGEEEGEEY
2372,AADDKQPY
2373,QEALHQQRLQGHLLRQQEQ
2374,WGFTGQKTEEVKQDK
2375,LDRLLDLPAAASSEDIE
2376,KQPKKQAKEMDEEDKAF
2377,VVNQCLSARS
2378,FLVERAGRR
2379,VIPPVTDRK
2380,EDFLVYKLEAQETLN
2381,LGKIAEK
2382,KTLNNKF
2383,YINNRNVPE
2384,DHMVMLSVIPGEA
2385,LVIPPVTDRK
2386,MTIRDRPFERTIT
2387,EISPTALR
2388,VPVGVVKPITLAARN
2389,GRRRAPELY
2390,ELQEMDKDDES
2391,GTSILKEANWLVAGPG
2392,SDEAERDEY
2393,EGLHGFHVH
2394,SLGDTAKK
2395,GDHMVMLSVIPGEA
2396,DSNTDLVPAPAVRILTPEV
2397,ADAAPDEKV
2398,TMEKAGAHLQGGAKRVIIS
2399,YEIITPWRLTRE
2400,SGAQVRMVD
2401,NVEMDATPGIDLT
2402,MALMASLDAEKAQG
2403,IYKGPGSEAGP
2404,FLLLSAPHGGSG
2405,DRVSDFHKLKQSRFF
2406,KSAKKTPKKAKKPA
2407,VKKHLQDLSGRISRARHNE
2408,RIRTFLAQHASL
2409,LFKEENPYARFENN
2410,YVTTSTRTY
2411,NQQRPPRRGHRQL
2412,REQLEEEEEAKHNLEKQIA
2413,KLKQVEDEKNSF
2414,YREYELVTPVSTN
2415,SAAPVPSDNH
2416,GPPGPPPVILPGMKDIKGEKGDEG
2417,AHGHMKPLTASQVSVH
2418,MVHIQNATLAGGVAVG
2419,FGSLSNLQVTQPTVGMNFKTPRGPV
2420,AASVVANGVCH
2421,SPAKPKAV
2422,LKEFALTNPEKS
2423,TNGIYPHKLVF
2424,FIDYKSLKENLAR
2425,GFAGDDAPRA
2426,GAFGKPQGTVAR
2427,KLAATPK
2428,KKKAKKAGATAGKRKASGPPVSELI
2429,LDLANVNLMLELLVQKKK
